1,Pride and Prejudice,Jane Austen,.
2,The Yellow Wallpaper,Charlotte Perkins Gilman,.
3,Alice's Adventures in Wonderland,Lewis Carroll,.
4,Frankenstein; Or The Modern Prometheus,Mary Wollstonecraft Shelley,.
5,Metamorphosis,Franz Kafka,.
6,Adventures of Huckleberry Finn,Mark Twain,.
7,The Importance of Being Earnest: A Trivial Comedy for Serious People,Oscar Wilde,.
8,The Adventures of Tom Sawyer,Mark Twain,.
9,Narrative of the Life of Frederick Douglass an American Slave,Frederick Douglass,.
10,A Doll's House : a play,Henrik Ibsen,.
11,Moby Dick; Or The Whale,Herman Melville,.
12,The Adventures of Sherlock Holmes,Arthur Conan Doyle,.
13,Great Expectations,Charles Dickens,.
14,Ulysses,James Joyce,.
15,A Tale of Two Cities,Charles Dickens,.
16,A Modest Proposal: For preventing the …,Jonathan Swift,.
17,Dracula,Bram Stoker,.
18,The Prince,Niccolo Machiavelli,.
19,The Picture of Dorian Gray,Oscar Wilde,.
20,War and Peace,Leo Tolstoy,.
21,Grimms' Fairy Tales,Wilhelm Grimm,.
22,The Kama Sutra of Vatsyayana: …,Vatsyayana,.
23,Emma,Jane Austen,.
24,Beowulf: An Anglo-Saxon Epic Poem,Unknown,.
25,Les Misérables,Victor Hugo,.
26,The Romance of Lust: A Classic Victorian erotic novel,Anonymous,.
27,Jane Eyre: An Autobiography,Charlotte Bronte,.
28,Leaves of Grass,Walt Whitman,.
29,Dubliners,James Joyce,.
30,Sense and Sensibility,Jane Austen,.
31,Leviathan,Thomas Hobbes,.
32,The Strange Case of Dr. Jekyll and Mr. Hyde,Robert Louis Stevenson,.
33,Treasure Island,Robert Louis Stevenson,.
34,Wuthering Heights,Emily Bronte,.
35,Heart of Darkness,Joseph Conrad,.
36,The Count of Monte Cristo Illustrated,Alexandre Dumas,.
37,Gulliver's Travels into Several Remote Nations of the World,Jonathan Swift,.
38,The Awakening and Selected Short Stories,Kate Chopin,.
39,Peter Pan,J. M. (James Matthew) Barrie,.
40,Siddhartha,Hermann Hesse,.
41,The Republic,Plato,.
42,Autobiography of Benjamin Franklin,Benjamin Franklin,.
43,The Life and Adventures of Robinson Crusoe,Daniel Defoe,.
44,Songs of Innocence and Songs of Experience,William Blake,.
45,Essays of Michel de Montaigne — Complete,Michel de Montaigne,.
46,The Divine Comedy by Dante Illustrated,Alighieri Dante,.
47,A Christmas Carol in Prose; Being a Ghost Story of Christmas,Charles Dickens,.
48,A Study in Scarlet,Arthur Conan Doyle,.
49,The Jungle Book,Rudyard Kipling,.
50,Crime and Punishment,Fyodor Dostoyevsky,.
51,The Iliad,Homer,.
52,Beyond Good and Evil,Friedrich Wilhelm Nietzsche,.
53,Candide,Voltaire,.
54,Steam: Its Generation and Use,& Wilcox Company Babcock,.
55,Pygmalion,Bernard Shaw,.
56,The Complete Works of William Shakespeare,William Shakespeare,.
57,Oliver Twist,Charles Dickens,.
58,Heart of Darkness,Joseph Conrad,.
59,English Literature: Its History and Its Significance for the Life of the English …,William J. (William Joseph) Long,.
60,An Occurrence at Owl Creek Bridge,Ambrose Bierce,.
61,Second Treatise of Government,John Locke,.
62,The King James Version of the Bible,Unknown,.
63,My Secret Life Volumes I. to III.: 1888 Edition,Anonymous,.
64,The Wonderful Wizard of Oz,L. Frank (Lyman Frank) Baum,.
65,On Liberty,John Stuart Mill,.
66,The Hound of the Baskervilles,Arthur Conan Doyle,.
67,Three Men in a Boat,Jerome K. (Jerome Klapka) Jerome,.
68,Through the Looking-Glass,Lewis Carroll,.
69,The Time Machine,H. G. (Herbert George) Wells,.
70,The Interesting Narrative of the Life of Olaudah Equiano,Olaudah Equiano,.
71,The Jungle,Upton Sinclair,.
72,Josefine Mutzenbacher: oder Die Geschichte einer Wienerischen Dirne von ihr selbst erzählt,Felix Salten,.
73,Walden and On The Duty Of Civil Disobedience,Henry David Thoreau,.
74,Hard Times,Charles Dickens,.
75,The Brothers Karamazov,Fyodor Dostoyevsky,.
76,Democracy in America — Volume 1,Alexis de Tocqueville,.
77,Complete Original Short Stories of Guy De Maupassant,Guy de Maupassant,.
78,Practical Grammar and Composition,Thomas Wood,.
79,David Copperfield,Charles Dickens,.
80,Narrative of the Captivity and Restoration of Mrs. Mary Rowlandson,Mary White Rowlandson,.
81,Uncle Tom's Cabin,Harriet Beecher Stowe,.
82,How to Analyze People on Sight Through the Science of Human Analysis: The Five Human Types,Ralph Paine Benedict,.
83,The Legend of Sleepy Hollow,Washington Irving,.
84,Around the World in Eighty Days,Jules Verne,.
85,Anna Karenina,Leo Tolstoy,.
86,The Mysterious Affair at Styles,Agatha Christie,.
87,The Call of the Wild,Jack London,.
88,Anne of Green Gables,L. M. (Lucy Maud) Montgomery,.
89,Persuasion,Jane Austen,.
90,Don Quixote,Saavedra Miguel de Cervantes,.
91,Democracy and Education: An Introduction to the Philosophy of Education,John Dewey,.
92,A Portrait of the Artist as a Young Man,James Joyce,.
93,The Tragical History of Doctor Faustus: From the Quarto of 1604,Christopher Marlowe,.
94,Ethan Frome,Edith Wharton,.
95,Paradise Lost,John Milton,.
96,The Tragedy of Romeo and Juliet,William Shakespeare,.
97,Utopia,Thomas Saint More,.
98,Myths and Legends of Ancient Greece and Rome,E. M. Berens,.
99,Forbidden Fruit: Luscious and exciting story and More forbidden fruit or; …,Anonymous,.
100,Common Sense,Thomas Paine,.
101,Northanger Abbey,Jane Austen,.
102,The Scarlet Letter,Nathaniel Hawthorne,.
103,The Communist Manifesto,Friedrich Engels,.
104,The Turn of the Screw,Henry James,.
105,Lysistrata,Aristophanes,.
106,The Souls of Black Folk,W. E. B. (William Edward Burghardt) Du Bois,.
107,Madame Bovary,Gustave Flaubert,.
108,The Reign of Greed,Jose Rizal,.
109,Hedda Gabler,Henrik Ibsen,.
110,The Return of Sherlock Holmes,Arthur Conan Doyle,.
111,Le Morte d'Arthur: Volume 1,Thomas Sir Malory,.
112,The Works of Edgar Allan Poe — Volume 1,Edgar Allan Poe,.
113,Don Juan,Baron George Gordon Byron Byron,.
114,The War of the Worlds,H. G. (Herbert George) Wells,.
115,Mansfield Park,Jane Austen,.
116,Just So Stories,Rudyard Kipling,.
117,Middlemarch,George Eliot,.
118,Thus Spake Zarathustra: A Book for All and None,Friedrich Wilhelm Nietzsche,.
119,Meditations,Aurelius Emperor of Rome Marcus,.
120,On the Origin of Species By Means of Natural Selection,Charles Darwin,.
121,Faust,Johann Wolfgang von Goethe,.
122,An Inquiry into the Nature and Causes of the Wealth of Nations,Adam Smith,.
123,The Tale of Peter Rabbit,Beatrix Potter,.
124,The Ladies' Book of Etiquette and Manual of Politeness: A Complete Hand Book …,Florence Hartley,.
125,A Treatise of Human Nature,David Hume,.
126,Little Women,Louisa May Alcott,.
127,The Problems of Philosophy,Bertrand Russell,.
128,Bleak House,Charles Dickens,.
129,The Works of Edgar Allan Poe — Volume 2,Edgar Allan Poe,.
130,The Devil's Dictionary,Ambrose Bierce,.
131,The Art of War,Sunzi,.
132,The Critique of Pure Reason,Immanuel Kant,.
133,Memoirs Of Fanny Hill: A New and Genuine Edition from the Original Text (London 1749),John Cleland,.
134,The Practice and Science of Drawing,Harold Speed,.
135,The Sign of the Four,Arthur Conan Doyle,.
136,The Odyssey: Rendered into English prose for the use of those who cannot read the original,Homer,.
137,A Princess of Mars,Edgar Rice Burroughs,.
138,Myths and Legends of China,E. T. C. (Edward Theodore Chalmers) Werner,.
139,The Three Musketeers,Alexandre Dumas,.
140,2 B R 0 2 B,Kurt Vonnegut,.
141,The Sorrows of Young Werther,Johann Wolfgang von Goethe,.
142,The Woman in White,Wilkie Collins,.
143,Notes from the Underground,Fyodor Dostoyevsky,.
144,Latin for Beginners,Benjamin L. (Benjamin Leonard) D'Ooge,.
145,The Memoirs of Sherlock Holmes,Arthur Conan Doyle,.
146,The History Of The Decline And Fall Of The Roman Empire,Edward Gibbon,.
147,The Trial,Franz Kafka,.
148,Hamlet: Prince of Denmark,William Shakespeare,.
149,A Concise Dictionary of Middle English from A.D. 1150 to 1580,Walter W. (Walter William) Skeat,.
150,Journal of Small Things,Helen Mackay,.
151,The Wind in the Willows,Kenneth Grahame,.
152,Tess of the d'Urbervilles: A Pure Woman,Thomas Hardy,.
153,Macbeth,William Shakespeare,.
154,The Elements of Style,William Strunk,.
155,An Ideal Husband,Oscar Wilde,.
156,Don Quijote, Miguel de Cervantes Saavedra,.
157,The Prince and the Pauper,Mark Twain,.
158,North and South,Elizabeth Cleghorn Gaskell,.
159,Childe Harold's Pilgrimage,Baron George Gordon Byron Byron,.
160,The Anatomy of Melancholy,Robert Burton,.
161,The Notebooks of Leonardo Da Vinci — Complete,Leonardo da Vinci,.
162,Andersen's Fairy Tales,H. C. (Hans Christian) Andersen,.
163,Great Disasters and Horrors in the World's History,Allen Howard Godbey,.
164,Plays,Susan Glaspell,.
165,Dead End,Wallace Macfarlane,.
166,Philosophiae Naturalis Principia Mathematica,Isaac Sir Newton,.
167,The Confessions of St. Augustine,Saint Augustine,.
168,Swann's Way,Marcel Proust,.
169,Twelve Years a Slave: Narrative of Solomon Northup,Solomon Northup,.
170,The Sea-Gull,Anton Pavlovich Chekhov,.
171,Spacemen Die at Home,Edward W. Ludwig,.
172,The Secret Adversary,Agatha Christie,.
173,The Ten Books on Architecture,Pollio Vitruvius,.
174,The Vision of Hell,Alighieri Dante,.
175,Noli Me Tangere,Jose Rizal,.
176,Beasts. Men and Gods,Ferdynand Antoni Ossendowski,.
177,The Castle of Otranto,Horace Walpole,.
178,Lyrical Ballads with a Few Other Poems (1798),William Wordsworth,.
179,The Moonstone,Wilkie Collins,.
180,The Fall of the House of Usher,Edgar Allan Poe,.
181,The Age of Innocence,Edith Wharton,.
182,The Aeneid,Virgil,.
183,The Monkey's Paw: The Lady of the Barge and Others Part 2.,W. W. (William Wymark) Jacobs,.
184,Alice's Adventures in Wonderland,Lewis Carroll,.
185,The Secret Garden,Frances Hodgson Burnett,.
186,The History of the Peloponnesian War,Thucydides,.
187,A Connecticut Yankee in King Arthur's Court,Mark Twain,.
188,The Livestock Producer and Armour,Unknown,.
189,Carmilla,Joseph Sheridan Le Fanu,.
190,Complete Eve's Diary,Mark Twain,.
191,Ethics,Benedictus de Spinoza,.
192,Anthem,Ayn Rand,.
193,A Room with a View,E. M. (Edward Morgan) Forster,.
194,The Divine Comedy by Dante Illustrated,Alighieri Dante,.
195,The Mechanical Properties of Wood: Including a Discussion of the Factors …,Samuel J. (Samuel James) Record,.
196,Pamela,Samuel Richardson,.
197,This Side of Paradise,F. Scott (Francis Scott) Fitzgerald,.
198,The Happy Prince and Other Tales,Oscar Wilde,.
199,The Innocents Abroad,Mark Twain,.
200,An Essay on Man; Moral Essays and Satires,Alexander Pope,.
201,The Tragedy of Pudd'nhead Wilson,Mark Twain,.
202,Symposium,Plato,.
203,The Gentlemen's Book of Etiquette and Manual of Politeness: Being a Complete Guide …,Cecil B. Hartley,.
204,The Man Who Was Six,F. L. (Floyd L.) Wallace,.
205,Plays of Sophocles: Oedipus the King; Oedipus at Colonus; Antigone,Sophocles,.
206,The Red Badge of Courage: An Episode of the American Civil War,Stephen Crane,.
207,The Condition of the Working-Class in England in 1844: with a Preface written in 1892,Friedrich Engels,.
208,Divine Comedy Longfellow's Translation Hell,Alighieri Dante,.
209,Cyrano de Bergerac,Edmond Rostand,.
210,Hamlet,William Shakespeare,.
211,Discourse on the Method of Rightly Conducting One's Reason and of Seeking Truth …,Rene Descartes,.
212,Maggie: A Girl of the Streets,Stephen Crane,.
213,The Library of Entertainment Handbook,John Chilton Scammell,.
214,Twenty Thousand Leagues under the Sea,Jules Verne,.
215,The King in Yellow,Robert W. (Robert William) Chambers,.
216,The World as Will and Idea (Vol. 1 of 3),Arthur Schopenhauer,.
217,The American Occupation of the Philippines 1898-1912,James H. (James Henderson) Blount,.
218,The Canterbury Tales and Other Poems,Geoffrey Chaucer,.
219,My Man Jeeves,P. G. (Pelham Grenville) Wodehouse,.
220,Spenser's The Faerie Queene: Book I,Edmund Spenser,.
221,Mrs. Warren's Profession,Bernard Shaw,.
222,Pascal's Pensées,Blaise Pascal,.
223,Venus in Furs,Ritter von Sacher-Masoch Leopold,.
224,The Legends of King Arthur and His Knights,Sir James Knowles,.
225,The Satyricon — Complete,Arbiter Petronius,.
226,The Pilgrim's Progress from this World to that Which is to Come: ...,John Bunyan,.
227,Kidnapped,Robert Louis Stevenson,.
228,On War — Volume 1,Carl von Clausewitz,.
229,The Confessions of Jean Jacques Rousseau — Complete,Jean-Jacques Rousseau,.
230,Die Verwandlung,Franz Kafka,.
231,The Idiot,Fyodor Dostoyevsky,.
232,Famous Impostors,Bram Stoker,.
233,The Strange Case of Dr. Jekyll and Mr. Hyde,Robert Louis Stevenson,.
234,The Addicts,Joseph Samachson,.
235,The Lost World,Arthur Conan Doyle,.
236,Life on the Mississippi,Mark Twain,.
237,An Enquiry Concerning Human Understanding,David Hume,.
238,The Marching Morons,C. M. (Cyril M.) Kornbluth,.
239,The Decameron of Giovanni Boccaccio,Giovanni Boccaccio,.
240,A Vindication of the Rights of Woman: With Strictures on Political and Moral Subjects,Mary Wollstonecraft,.
241,Tarzan of the Apes,Edgar Rice Burroughs,.
242,Southern Horrors: Lynch Law in All Its Phases,Ida B. Wells-Barnett,.
243,Uncle Vanya: Scenes from Country Life in Four Acts,Anton Pavlovich Chekhov,.
244,The Social Cancer: A Complete English Version of Noli Me Tangere,Jose Rizal,.
245,Gargantua and Pantagruel,Francois Rabelais,.
246,The Pursuit of God,A. W. (Aiden Wilson) Tozer,.
247,The Federalist Papers,John Jay,.
248,The Life and Opinions of Tristram Shandy,Laurence Sterne,.
249,The Ladies Delight,Anonymous,.
250,The Lives of the Twelve Caesars,Suetonius,.
251,Roughing It,Mark Twain,.
252,Second Variety,Philip K. Dick,.
253,Bridge Crossing,Dave Dryfoos,.
254,The Thousand and One Nights Vol. I.: Commonly Called the Arabian Nights' Entertainments,Unknown,.
255,The Consolation of Philosophy,Boethius,.
256,A Complete Guide to Heraldry,Arthur Charles Fox-Davies,.
257,Max und Moritz: Eine Bubengeschichte in sieben Streichen,Wilhelm Busch,.
258,The Poetics of Aristotle,Aristotle,.
259,Ghosts,Henrik Ibsen,.
260,Struwwelpeter: Merry Stories and Funny Pictures,Heinrich Hoffmann,.
261,Youth,Isaac Asimov,.
262,Plain Tales from the Hills,Rudyard Kipling,.
263,The Invisible Man: A Grotesque Romance,H. G. (Herbert George) Wells,.
264,Utilitarianism,John Stuart Mill,.
265,Novo dicionário da língua portuguesa,Candido de Figueiredo,.
266,Beasts and Super-Beasts,William W. Sanger,.
267,The History of Prostitution: Its Extent Causes and Effects throughout the World,William W. Sanger,.
268,A Journey to the Centre of the Earth,Jules Verne,.
269,A Classification and Subject Index for Cataloguing and Arranging the Books and Pamphlets o,Melvil Dewey,.
270,The Theory of the Leisure Class,Thorstein Veblen,.
271,Ivanhoe: A Romance,Walter Scott,.
272,Notre-Dame De Paris,Victor Hugo,.
273,Lineage Life and Labors of José Rizal: Philippine Patriot,Austin Craig,.
274,The Valley of Fear,Arthur Conan Doyle,.
275,The Island of Doctor Moreau,H. G. (Herbert George) Wells,.
276,Alice's Adventures in Wonderland: Illustrated by Arthur Rackham. With a Proem by Austin Do,Lewis Carroll,.
277,The Man Outside,Evelyn E. Smith,.
278,The Last of the Mohicans; A narrative of 1757,James Fenimore Cooper,.
279,The Adventures of Pinocchio,Carlo Collodi,.
280,The Spectator Volumes 1 2 and 3: With Translations and Index for the Series,Richard Sir Steele,.
281,The Jungle Book,Rudyard Kipling,.
282,The Sense of Wonder,Stephen Marlowe,.
283,China and Pottery Marks,Unknown,.
284,Aesop's Fables; a new translation,Aesop,.
285,Essays by Ralph Waldo Emerson,Ralph Waldo Emerson,.
286,Encyclopedia of Needlework,Therese de Dillmont,.
287,Chaucer's Works Volume 4 (of 7) — The Canterbury Tales,Geoffrey Chaucer,.
288,White Fang,Jack London,.
289,Mosses from an Old Manse and Other Stories,Nathaniel Hawthorne,.
290,The Mayor of Casterbridge,Thomas Hardy,.
291,Shakespearean Tragedy: Lectures on Hamlet Othello King Lear Macbeth,A. C. (Andrew Cecil) Bradley,.
292,The Waste Land,T. S. (Thomas Stearns) Eliot,.
293,My Antonia,Willa Cather,.
294,Florante at Laura,Francisco Balagtas,.
295,Apology,Plato,.
296,Bartleby the Scrivener: A Story of Wall-Street,Herman Melville,.
297,Far from the Madding Crowd,Thomas Hardy,.
298,History of the Decline and Fall of the Roman Empire — Volume 1,Edward Gibbon,.
299,The Lady with the Dog and Other Stories,Anton Pavlovich Chekhov,.
300,Filipino Popular Tales,Unknown,.
301,Antiquities of the Jews,Flavius Josephus,.
302,The Secret Agent: A Simple Tale,Joseph Conrad,.
303,The Raven,Edgar Allan Poe,.
304,The Iliad,Homer,.
305,The Mysterious Stranger and Other Stories,Mark Twain,.
306,How?: or Spare Hours Made Profitable for Boys and Girls,Kennedy Holbrook,.
307,Laura Middleton; Her Brother and her Lover,Anonymous,.
308,Biographia Literaria,Samuel Taylor Coleridge,.
309,Incidents in the Life of a Slave Girl,Harriet A. (Harriet Ann) Jacobs,.
310,How To Write Special Feature Articles: A Handbook for Reporters Correspondents and Free-L,Willard Grosvenor Bleyer,.
311,The Pickwick Papers,Charles Dickens,.
312,The House of Mirth,Edith Wharton,.
313,A Little Princess: Being the whole story of Sara Crewe now told for the first time,Frances Hodgson Burnett,.
314,My Lady Greensleeves,Frederik Pohl,.
315,1000 Mythological Characters Briefly Described: Adapted to Private Schools High Schools a,Edward Sylvester Ellis,.
316,Women in Love,D. H. (David Herbert) Lawrence,.
317,An Enemy of the People,Henrik Ibsen,.
318,Palmistry for All,Cheiro,.
319,The Person and Work of The Holy Spirit,R. A. (Reuben Archer) Torrey,.
320,Best Russian Short Stories,Unknown,.
321,Faust: Der Tragödie erster Teil,Johann Wolfgang von Goethe,.
322,The Thirty-Nine Steps,John Buchan,.
323,Webster's Unabridged Dictionary,Edwin Abbott Abbott,.
324,Flatland: A Romance of Many Dimensions (Illustrated),Edwin Abbott Abbott,.
325,What Is Man? and Other Essays,Mark Twain,.
326,The History of Don Quixote Volume 1 Complete,Saavedra Miguel de Cervantes,.
327,Right Ho Jeeves,P. G. (Pelham Grenville) Wodehouse,.
328,Dr. Kometevsky's Day,Fritz Leiber,.
329,The Best American Humorous Short Stories,Unknown,.
330,Silas Marner,George Eliot,.
331,The Vampyre; a Tale,John William Polidori,.
332,Relativity : the Special and General Theory,Albert Einstein,.
333,The Doré Bible Gallery Complete: Containing One Hundred Superb Illustrations and a Page ,Unknown,.
334,The Literary World Seventh Reader,Unknown,.
335,The Innocence of Father Brown,G. K. (Gilbert Keith) Chesterton,.
336,Electricity in Locomotion: An Account of its Mechanism its Achievements and its Prospect,Adam Gowens Whyte,.
337,Kim,Rudyard Kipling,.
338,Irish Fairy Tales,James Stephens,.
339,My Bondage and My Freedom,Frederick Douglass,.
340,Captain Cook's Journal During His First Voyage Round the World,James Cook,.
341,Black Beauty,Anna Sewell,.
342,De Profundis,Oscar Wilde,.
343,A Discourse Upon the Origin and the Foundation of the Inequality Among Mankind,Jean-Jacques Rousseau,.
344,The Middle-Class Gentleman,Moliere,.
345,The Alchemist,Ben Jonson,.
346,Poems,Victor Hugo,.
347,The Rape of the Lock and Other Poems,Alexander Pope,.
348,Aesop's Fables: Translated by George Fyler Townsend,Aesop,.
349,Democracy in America — Volume 2,Alexis de Tocqueville,.
350,The Story of My Life: With her letters (1887-1901) and a supplementary account of her educ,Helen Keller,.
351,She Stoops to Conquer; Or The Mistakes of a Night: A Comedy,Oliver Goldsmith,.
352,The Scarlet Pimpernel,Emmuska Orczy Baroness Orczy,.
353,The Poems and Prose Poems of Charles Baudelaire: with an Introductory Preface by James Hun,Charles Baudelaire,.
354,The Rime of the Ancient Mariner,Samuel Taylor Coleridge,.
355,The Frontier in American History,Frederick Jackson Turner,.
356,Moby Dick,Herman Melville,.
357,Buddenbrooks: Verfall einer Familie,Thomas Mann,.
358,A Little Journey,Ray Bradbury,.
359,Vanity Fair,William Makepeace Thackeray,.
360,Birds of a Feather,Robert Silverberg,.
361,Autobiography of a Yogi,Paramahansa Yogananda,.
362,Nine Thousand Miles On A Pullman Train: An Account of a Tour of Railroad Conductors From; ,Milton Shaw,.
363,Dream Psychology: Psychoanalysis for Beginners,Sigmund Freud,.
364,The Pilot and the Bushman,Sylvia Jacobs,.
365,Beautiful Stories from Shakespeare,William Shakespeare,.
366,The Works of Edgar Allan Poe — Volume 3,Edgar Allan Poe,.
367,Daisy Miller: A Study,Henry James,.
368,Peter and Wendy,J. M. (James Matthew) Barrie,.
369,Personal Memoirs of U. S. Grant,Ulysses S. (Ulysses Simpson) Grant,.
370,Trial of the Major War Criminals Before the International Military Tribunal Vol. I: Nurem,Various,.
371,The Black Man the Father of Civilization Proven by Biblical History,James Morris Webb,.
372,The Autobiography of a Super-Tramp,W. H. (William Henry) Davies,.
373,The Enchiridion,Epictetus,.
374,History  of the World War: An Authentic Narrative of the World's Greatest War,Francis Andrew March,.
375,Confidence Game,Jim Harmon,.
376,Confessions of an English Opium-Eater,Quincey Thomas De,.
377,The Antichrist,Friedrich Wilhelm Nietzsche,.
378,A Short History of the World,H. G. (Herbert George) Wells,.
379,The Phantom of the Opera,Gaston Leroux,.
380,Three Contributions to the Theory of Sex,Sigmund Freud,.
381,The Varieties of Religious Experience: A Study in Human Nature,William James,.
382,She,H. Rider (Henry Rider) Haggard,.
383,1811 Dictionary of the Vulgar Tongue,Francis Grose,.
384,Poems by Emily Dickinson Three Series,Emily Dickinson,.
385,Poems,T. S. (Thomas Stearns) Eliot,.
386,On Heroes Hero-Worship and the Heroic in History,Thomas Carlyle,.
387,Ang Liham ni Dr. Jose Rizal sa mga Kadalagahan sa Malolos Bulakan,Jose Rizal,.
388,Patty's Fortune,Carolyn Wells,.
389,The Wars of the Jews; Or The History of the Destruction of Jerusalem,Flavius Josephus,.
390,The Origin of Species by Means of Natural Selection: Or the Preservation of Favoured Race,Charles Darwin,.
391,The Tempest: The Works of William Shakespeare [Cambridge Edition] [9 vols.],William Shakespeare,.
392,The Ignoble Savages,Evelyn E. Smith,.
393,On the Nature of Things,Carus Titus Lucretius,.
394,The Outline of Science Vol. 1 (of 4): A Plain Story Simply Told,J. Arthur (John Arthur) Thomson,.
396,Medea of Euripides,Euripedes,.
397,Volpone,Ben Jonson,.
398,The life of Midhat Pasha a record of his services political reforms banishment and jud,Haydar Mithat Ali,.
399,Othello,William Shakespeare,.
400,The Pride of Jennico: Being a Memoir of Captain Basil Jennico,Egerton Castle,.
401,Make Me An Offer,Con Blomberg,.
402,People Soup,Alan Arkin,.
403,The Mantle and Other Stories,Nikolai Vasilevich Gogol,.
404,Gorgias,Plato,.
405,The Playboy of the Western World: A Comedy in Three Acts,J. M. (John Millington) Synge,.
406,Sea Legs,Frank Quattrocchi,.
407,Phaedo,Plato,.
408,Der Tod in Venedig,Thomas Mann,.
409,Our Mutual Friend,Charles Dickens,.
410,The Spicy Sound of Success,Jim Harmon,.
411,Boy Scouts Handbook: The First Edition 1911,Scouts of America Boy,.
412,The Ethics of Aristotle,Aristotle,.
413,The Great God Pan,Arthur Machen,.
414,The Writings of Thomas Paine — Volume 4 (1794-1796): The Age of Reason,Thomas Paine,.
415,The Works of the Right Honourable Edmund Burke Vol. 01 (of 12),Edmund Burke,.
416,Pragmatism: A New Name for Some Old Ways of Thinking,William James,.
417,Angel's Egg,Edgar Pangborn,.
418,The Man Who Was Thursday: A Nightmare,G. K. (Gilbert Keith) Chesterton,.
419,A Woman of No Importance,Oscar Wilde,.
420,The History of Herodotus — Volume 1,Herodotus,.
421,Arms and the Man,Bernard Shaw,.
422,The Republic,Plato,.
423,Plays by Anton Chekhov Second Series,Anton Pavlovich Chekhov,.
424,The Duchess of Malfi,John Webster,.
425,Submarines Mines and Torpedoes in the War,Charles William Domville-Fife,.
426,Survival Type,Jesse F. (Jesse Franklin) Bone,.
427,A Touch of E Flat,Joe Gibson,.
428,Fresh Air Fiend,Kris Neville,.
429,The Eyes Have It,Philip K. Dick,.
430,King Solomon's Mines,H. Rider (Henry Rider) Haggard,.
431,Beyond the Door,Philip K. Dick,.
432,What Men Live By and Other Tales,Leo graf Tolstoy,.
433,Der Struwwelpeter: oder lustige Geschichten und drollige Bilder,Heinrich Hoffmann,.
434,The Aesop for Children: With pictures by Milo Winter,Aesop,.
435,The Possessed (The Devils),Fyodor Dostoyevsky,.
436,The Fairy Tales of Charles Perrault,Charles Perrault,.
437,The Secret Garden,Frances Hodgson Burnett,.
438,The National Geographic Magazine Vol. II. No. 2 May 1890,Various,.
439,The Journals of Lewis and Clark 1804-1806,William Clark,.
440,An Enquiry Concerning the Principles of Morals,David Hume,.
441,The Iron Heel,Jack London,.
442,A Journal of the Plague Year: Written by a Citizen Who Continued All the While in London,Daniel Defoe,.
443,Bede's Ecclesiastical History of England,Saint Bede the Venerable,.
444,As a Man Thinketh,James Allen,.
445,Inside Earth,Poul Anderson,.
446,Bushido the Soul of Japan,Inazo Nitobe,.
447,The Red Room,H. G. (Herbert George) Wells,.
448,The Blue Fairy Book,Andrew Lang,.
449,Citizen Jell,Michael Shaara,.
450,Nationalism,Rabindranath Tagore,.
451,Anne of the Island,L. M. (Lucy Maud) Montgomery,.
452,Villette,Charlotte Bronte,.
453,The Poetical Works of William Wordsworth — Volume 3,William Wordsworth,.
454,The Mysterious Island,Jules Verne,.
455,The Canterville Ghost,Oscar Wilde,.
456,Prime Difference,Alan Edward Nourse,.
457,Adventures of Sherlock Holmes: Illustrated,Arthur Conan Doyle,.
458,The Man in the Iron Mask,Alexandre Dumas,.
459,Poems and Songs of Robert Burns,Robert Burns,.
460,Man in a Quandary,Joseph Wesley,.
461,Opticks: Or A Treatise of the Reflections Refractions Inflections and Colours of Light,Isaac Sir Newton,.
462,The Gilded Age: A Tale of Today,Mark Twain,.
463,Memoirs of Extraordinary Popular Delusions and the Madness of Crowds,Charles Mackay,.
464,The House of the Seven Gables,Nathaniel Hawthorne,.
465,Simple Sabotage Field Manual,US Office of Strategic Services,.
466,Life in the Iron-Mills; Or The Korl Woman,Rebecca Harding Davis,.
467,Time In the Round,Fritz Leiber,.
468,Anne of Avonlea,L. M. (Lucy Maud) Montgomery,.
469,Japanese Fairy Tales,Yei Theodora Ozaki,.
470,The Monk: A Romance,M. G. (Matthew Gregory) Lewis,.
471,Indian Fairy Tales,Unknown,.
472,Historia de Venezuela Tomo I,Pedro de Aguado,.
473,Public School Life: Boys Masters Parents,Alec Waugh,.
474,The Campaign in Russian Poland,Percy Cross Standing,.
475,Also sprach Zarathustra: Ein Buch für Alle und Keinen,Friedrich Wilhelm Nietzsche,.
476,Double Standard,Alfred Coppel,.
477,The Red Record: Tabulated Statistics and Alleged Causes of Lynching in the United States,Ida B. Wells-Barnett,.
478,The Elementary Forms of the Religious Life,Emile Durkheim,.
479,The Works of Edgar Allan Poe — Volume 5,Edgar Allan Poe,.
480,Paradise Lost,John Milton,.
481,On the Sublime,1st cent. Longinus,.
482,Break a Leg,Jim Harmon,.
483,The Grand Inquisitor,Fyodor Dostoyevsky,.
484,Woodwork Joints: How they are Set Out How Made and Where Used.,William Fairham,.
485,To The Fore With the Tanks!,Percy F. (Percy Francis) Westerman,.
486,Memories of the Kaiser's Court,Anne Topham,.
487,I Am A Nucleus,Stephen Barr,.
488,Turkey; the Awakening of Turkey; the Turkish Revolution of 1908,E. F. (Edward Frederick) Knight,.
489,Not a Creature Was Stirring,Dean Evans,.
490,My Life and Work,Henry Ford,.
491,Siddhartha: eine indische Dichtung,Hermann Hesse,.
492,The Portrait of a Lady — Volume 1,Henry James,.
493,Lord of the World,Robert Hugh Benson,.
494,Nature,Ralph Waldo Emerson,.
495,Fundamental Principles of the Metaphysic of Morals,Immanuel Kant,.
496,The Shunned House,H. P. (Howard Phillips) Lovecraft,.
497,Up from Slavery: An Autobiography,Booker T. Washington,.
498,The Memoirs of Jacques Casanova de Seingalt 1725-1798. Complete,Giacomo Casanova,.
499,A Tramp Abroad,Mark Twain,.
500,Letters of Pliny,the Younger Pliny,.
501,Helps to Latin Translation at Sight,Edmund Luce,.
502,Erotica Romana,Johann Wolfgang von Goethe,.
503,Voyage to Far N'jurd,Kris Neville,.
504,History of Tom Jones a Foundling,Henry Fielding,.
505,Micrographia: Some Physiological Descriptions of Minute Bodies Made by Magnifying Glasses ,Robert Hooke,.
506,...So They Baked a Cake,Winston K. Marks,.
507,Little Dorrit,Charles Dickens,.
508,The Railway Children,E. (Edith) Nesbit,.
509,The Beast in the Jungle,Henry James,.
510,The Autobiography of Benjamin Franklin,Benjamin Franklin,.
511,Politics: A Treatise on Government,Aristotle,.
512,Little Black Sambo,Helen Bannerman,.
513,The Metamorphoses of Ovid Books I-VII,Ovid,.
514,Reflections; or Sentences and Moral Maxims,Rochefoucauld Francois duc de La,.
515,The Man That Corrupted Hadleyburg,Mark Twain,.
516,The Anglo-Saxon Chronicle,Unknown,.
517,Amusements in Mathematics,Henry Ernest Dudeney,.
518,The Travels of Marco Polo — Volume 1,of Pisa Rustichello,.
519,Herland,Charlotte Perkins Gilman,.
520,Etiquette,Emily Post,.
521,Darkwater: Voices from Within the Veil,Bois W. E. B. (William Edward Burghardt) Du,.
522,Poems Every Child Should Know: The What-Every-Child-Should-Know-Library,Unknown,.
523,The History of the Highland Clearances: Second Edition Altered and Revised,Alexander Mackenzie,.
524,"Prisoner of the Mill: or Captain Hayward's ""Body Guard""",Harry Hazelton,.
525,Lex,W. T. Haggert,.
526,The Rámáyan of Válmíki translated into English verse,Valmiki,.
527,Human All Too Human: A Book for Free Spirits,Friedrich Wilhelm Nietzsche,.
528,The Girls From Earth,Frank M. Robinson,.
529,Father Goriot,Honore de Balzac,.
530,Le Morte d'Arthur: Volume 2,Thomas Sir Malory,.
531,The Analysis of Mind,Bertrand Russell,.
532,The Power of Mesmerism: A Highly Erotic Narrative of Voluptuous Facts and Fancies,Anonymous,.
533,No Substitutions,Jim Harmon,.
534,Growing Up On Big Muddy,Vet Charles V. (Charles Vincent) De,.
535,Omens and Superstitions of Southern India,Edgar Thurston,.
536,Lady Windermere's Fan,Oscar Wilde,.
537,Shakespeare's Sonnets,William Shakespeare,.
538,The Mentor: The Metropolitan Museum of Art Vol. 6 Num. 9 Serial No. 157 June 15 1918,Sydney P. Noe,.
539,Tender Buttons: Objects—Food—Rooms,Gertrude Stein,.
540,The Underground Railroad: A Record of Facts Authentic Narratives Letters &c. Narrating,William Still,.
541,Nicholas Nickleby,Charles Dickens,.
542,Jude the Obscure,Thomas Hardy,.
543,Daddy-Long-Legs,Jean Webster,.
544,The Tenant of Wildfell Hall,Anne Bronte,.
545,Fifteen Thousand Useful Phrases: A Practical Handbook Of Pertinent Expressions Striking S,Grenville Kleiser,.
546,Plain Living: A Bush Idyll,Rolf Boldrewood,.
547,On the Duty of Civil Disobedience,Henry David Thoreau,.
548,The Man Who Would Be King,Rudyard Kipling,.
549,Orthodoxy,G. K. (Gilbert Keith) Chesterton,.
550,The Tragedy of Macbeth,William Shakespeare,.
551,Boswell's Life of Johnson: Abridged and edited with an introduction by Charles Grosvenor ,James Boswell,.
552,License to Steal,Louis Newman,.
553,A Queen of Tears vol. 1 of 2: Caroline Matilda Queen of Denmark and Norway and Princess;,W. H. (William Henry) Wilkins,.
554,The Music Master of Babylon,Edgar Pangborn,.
555,Sonnets from the Portuguese,Elizabeth Barrett Browning,.
556,Essays of Schopenhauer,Arthur Schopenhauer,.
557,A Midsummer Night's Dream,William Shakespeare,.
558,The Principles of Chemistry Volume I (of 2),Dmitry Ivanovich Mendeleyev,.
559,The Tragedy of Julius Caesar,William Shakespeare,.
560,Grimm's Fairy Stories,Jacob Grimm,.
561,Memoirs of Napoleon Bonaparte — Complete,Louis Antoine Fauvelet de Bourrienne,.
562,The Influence of Sea Power Upon History 1660-1783,A. T. (Alfred Thayer) Mahan,.
563,The Wendigo,Algernon Blackwood,.
564,Swenson Dispatcher,R. DeWitt Miller,.
565,A Dog Day: or The Angel in the House,Walter Emanuel,.
566,In Praise of Folly: Illustrated with Many Curious Cuts,Desiderius Erasmus,.
567,Cautionary Tales for Children,Hilaire Belloc,.
568,Cookery and Dining in Imperial Rome,Apicius,.
569,Famous Modern Ghost Stories,Unknown,.
570,The Book of Household Management,Mrs. (Isabella Mary) Beeton,.
571,The Economic Consequences of the Peace,John Maynard Keynes,.
572,A General History of the Pyrates:: from their first rise and settlement in the island of P,Daniel Defoe,.
573,Stories from The Arabian Nights,Laurence Housman,.
574,The Story of Doctor Dolittle,Hugh Lofting,.
575,Manners Customs and Dress During the Middle Ages and During the Renaissance Period,P. L. Jacob,.
576,Cicero's Tusculan Disputations: Also Treatises On The Nature Of The Gods And On The Comm,Marcus Tullius Cicero,.
577,The Complete Plays of Gilbert and Sullivan,W. S. (William Schwenck) Gilbert,.
578,Sir Gawayne and the Green Knight: An Alliterative Romance-Poem (c. 1360 A.D.),Unknown,.
579,The Book of the Thousand Nights and a Night — Volume 01,Unknown,.
580,Composition,Arthur Wesley Dow,.
581,The Ballad of the White Horse,G. K. (Gilbert Keith) Chesterton,.
582,Phaedra,Jean Racine,.
583,Man of Distinction,Michael Shaara,.
584,The Mill on the Floss,George Eliot,.
585,Lord Jim,Joseph Conrad,.
586,The Piazza Tales,Herman Melville,.
587,A Treatise on Painting,da Vinci Leonardo,.
588,A Christmas Carol,Charles Dickens,.
589,A Shropshire Lad,A. E. (Alfred Edward) Housman,.
590,The Will to Believe and Other Essays in Popular Philosophy,William James,.
591,Love and Freindship [sic],Jane Austen,.
592,Slaveholding: Weighed in the Balance of Truth,Charles Fitch,.
593,Oedipus King of Thebes: Translated into English Rhyming Verse with Explanatory Notes,Sophocles,.
594,Bullet With His Name,Fritz Leiber,.
595,Emile,Jean-Jacques Rousseau,.
596,Myths of the Norsemen: From the Eddas and Sagas,H. A. (Helene Adeline) Guerber,.
597,The Golden Bough: A Study of Magic and Religion,James George Frazer,.
598,How the Other Half Lives: Studies Among the Tenements of New York,Jacob A. (Jacob August) Riis,.
599,Romeo and Juliet,William Shakespeare,.
600,Mark Twain's Speeches,Mark Twain,.
601,The Man with Two Left Feet and Other Stories,P. G. (Pelham Grenville) Wodehouse,.
602,Märchen für Kinder,H. C. (Hans Christian) Andersen,.
603,Sense and Sensibility,Jane Austen,.
604,Fairy Tales of Hans Christian Andersen,H. C. (Hans Christian) Andersen,.
605,Illustrated History of Furniture: From the Earliest to the Present Time,Frederick Litchfield,.
606,End as a Hero,Keith Laumer,.
607,Hafiz in London,14th cent. Hafiz,.
608,The Gods of Mars,Edgar Rice Burroughs,.
609,The Pencil of Nature,William Henry Fox Talbot,.
610,My Own Story,Emmeline Pankhurst,.
611,Salomé: A Tragedy in One Act,Oscar Wilde,.
612,An Advanced English Grammar with Exercises,Frank Edgar Farley,.
613,What is Posat?,Phyllis Sterling Smith,.
614,His Last Bow: An Epilogue of Sherlock Holmes,Arthur Conan Doyle,.
615,Mysticism and Logic and Other Essays,Bertrand Russell,.
616,The Memoirs of the Conquistador Bernal Diaz del Castillo Vol 1 (of 2): Written by Himself,del Castillo Bernal Diaz,.
617,The Dunwich Horror,H. P. (Howard Phillips) Lovecraft,.
618,Anabasis,Xenophon,.
619,The Younger Edda; Also called Snorre's Edda or The Prose Edda,Sturluson Snorri,.
620,The Arabian Nights: Their Best-known Tales,Unknown,.
621,Dr. Montessori's Own Handbook,Maria Montessori,.
622,The Works of Edgar Allan Poe — Volume 4,Edgar Allan Poe,.
623,The Mysteries of Udolpho,Ann Ward Radcliffe,.
624,In the path of the alphabet: an historical account of the ancient beginnings and; evolutio,Frances Jermain,.
625,The Declaration of Independence of the United States of America,Thomas Jefferson,.
626,A Bad Day for Vermin,Keith Laumer,.
627,Anne's House of Dreams,L. M. (Lucy Maud) Montgomery,.
628,The Tribes and Castes of the Central Provinces of India Volume 1,R. V. (Robert Vane) Russell,.
629,The Romance of Tristan and Iseult,Joseph Bedier,.
630,In Stahlgewittern aus dem Tagebuch eines Stoßtruppführers,Ernst Junger,.
631,Lady Susan,Jane Austen,.
632,The Return of the Native,Thomas Hardy,.
633,Idylls of the King,Alfred Tennyson Baron Tennyson,.
634,Beowulf,Unknown,.
635,Selected Sermons of Jonathan Edwards,Jonathan Edwards,.
636,Tartuffe; Or The Hypocrite,Moliere,.
637,Beyond Lies the Wub,Philip K. Dick,.
638,English Translations Of Works Of Emile Zola: An Index to the Project Gutenberg Works of Zo,Emile Zola,.
639,A Text-Book of the History of Painting,Dyke John Charles Van,.
640,Tales of the Jazz Age,F. Scott (Francis Scott) Fitzgerald,.
641,Lady Audley's Secret,M. E. (Mary Elizabeth) Braddon,.
642,Far from the Madding Crowd,Thomas Hardy,.
643,How to Live on 24 Hours a Day,Arnold Bennett,.
644,The Tragedy of King Lear,William Shakespeare,.
645,Myths of Babylonia and Assyria,Donald A. (Donald Alexander) Mackenzie,.
646,Dead Souls,Nikolai Vasilevich Gogol,.
647,The Mahabharata of Krishna-Dwaipayana Vyasa Volume 1: Books 1 2 and 3,Unknown,.
648,Doctor Thorne,Anthony Trollope,.
649,Library of the World's Best Mystery and Detective Stories,Unknown,.
650,Mechanical Drawing Self-Taught: Comprising instructions in the selection and preparation o,Joshua Rose,.
651,The Return of Sherlock Holmes,Arthur Conan Doyle,.
652,Dombey and Son,Charles Dickens,.
653,History of Egypt Chaldea Syria Babylonia and Assyria in the Light of Recent Discovery,L. W. (Leonard William) King,.
654,The Tao Teh King or the Tao and its Characteristics,Laozi,.
655,Alice's Abenteuer im Wunderland,Lewis Carroll,.
656,The Variable Man,Philip K. Dick,.
657,Pen Pal,Stephen Marlowe,.
658,Warlord of Mars,Edgar Rice Burroughs,.
659,Household Stories by the Brothers Grimm,Wilhelm Grimm,.
660,How to Tell a Story and Other Essays,Mark Twain,.
661,My Strange Rescue: and other stories of Sport and Adventure in Canada,J. Macdonald (James Macdonald) Oxley,.
662,English Synonyms and Antonyms: With Notes on the Correct Use of Prepositions,James Champlin Fernald,.
663,The Big Trip Up Yonder,Kurt Vonnegut,.
664,The Ways of the Planets,Martha Evans Martin,.
665,Gutenberg and the Art of Printing,Emily Clemens Pearson,.
666,The Life and Amours of the Beautiful Gay and Dashing Kate Percival: The Belle of the Dela,Kate Percival,.
667,Meno,Plato,.
668,Das Unheimliche,Sigmund Freud,.
669,The Art of Public Speaking,J. Berg (Joseph Berg) Esenwein,.
670,Laughter: An Essay on the Meaning of the Comic,Henri Bergson,.
671,The History of Rome Books 01 to 08,Livy,.
672,Looking Backward 2000 to 1887,Edward Bellamy,.
673,The Art Of Writing & Speaking The English Language: Word-Study and Composition & Rhetoric,Sherwin Cody,.
674,Heidi: (Gift Edition),Johanna Spyri,.
675,New Atlantis,Francis Bacon,.
676,The Fortunes and Misfortunes of the Famous Moll Flanders,Daniel Defoe,.
677,Apology Crito and Phaedo of Socrates,Plato,.
678,The School for Scandal,Richard Brinsley Sheridan,.
679,The Letters of Wolfgang Amadeus Mozart — Volume 01,Wolfgang Amadeus Mozart,.
680,The Art of Money Getting; Or Golden Rules for Making Money,P. T. (Phineas Taylor) Barnum,.
681,An Essay Concerning Humane Understanding Volume 1: MDCXC Based on the 2nd Edition Books,John Locke,.
682,Four Arthurian Romances,de Troyes active 12th century Chretien,.
683,The Mentor: The Incas vol. 6 num. 3 Serial No. 151 March 15 1918,Osgood Hardy,.
684,Twice Told Tales,Nathaniel Hawthorne,.
685,Sex-linked Inheritance in Drosophila,Calvin B. (Calvin Blackman) Bridges,.
686,Slave Narratives: A Folk History of Slavery in the United States From Interviews with Form,States. Work Projects Administration United,.
687,How We Think,John Dewey,.
688,The Arabian Nights Entertainments,Anonymous,.
689,Nostromo: A Tale of the Seaboard,Joseph Conrad,.
690,The Business As Usual,Jack Sharkey,.
691,McTeague: A Story of San Francisco,Frank Norris,.
692,The Taming of the Shrew,William Shakespeare,.
693,Sons and Lovers,D. H. (David Herbert) Lawrence,.
694,A Brief Account of the Destruction of the Indies: Or a faithful NARRATIVE OF THE Horrid a,Bartolome de las Casas,.
695,The Seven Lamps of Architecture,John Ruskin,.
696,The History of Don Quixote Volume 2 Complete,Saavedra Miguel de Cervantes,.
697,Les misérables Tome I: Fantine,Victor Hugo,.
698,Jesus the Christ: A Study of the Messiah and His Mission According to Holy; Scriptures Bot,James E. (James Edward) Talmage,.
699,Considerations on Representative Government,John Stuart Mill,.
700,Following the Equator: A Journey Around the World,Mark Twain,.
701,The Sea-Wolf,Jack London,.
702,Babbitt,Sinclair Lewis,.
703,The Last Man,Mary Wollstonecraft Shelley,.
704,The Wind in the Willows,Kenneth Grahame,.
705,The Hand Phrenologically Considered: Being a Glimpse at the Relation of the Mind with the ,Anonymous,.
706,Human All-Too-Human: A Book For Free Spirits; Part II,Friedrich Wilhelm Nietzsche,.
707,Frankenstein; Or The Modern Prometheus,Mary Wollstonecraft Shelley,.
708,The Oxford Book of American Essays,Unknown,.
709,Memoirs of General William T. Sherman — Complete,William T. (William Tecumseh) Sherman,.
710,The Merry Adventures of Robin Hood,Howard Pyle,.
711,Dr. Elsie Inglis,Lady Frances Balfour,.
712,The Tenniel Illustrations for Carroll's Alice in Wonderland,John Tenniel,.
713,Principles Of Political Economy: Abridged with Critical Bibliographical and Explanatory ,John Stuart Mill,.
714,The Mysteries of London v. 2/4,George W. M. (George William MacArthur) Reynolds,.
715,All Things Considered,G. K. (Gilbert Keith) Chesterton,.
716,The Iliads of Homer: Translated according to the Greek,Homer,.
717,Le roman de la rose - Tome I,Guillaume de Lorris,.
718,The Merchant of Venice,William Shakespeare,.
719,All About Coffee,William H. (William Harrison) Ukers,.
720,Là-bas,J.-K. (Joris-Karl) Huysmans,.
721,A Husband for My Wife,William W. Stuart,.
722,The Way of the World,William Congreve,.
723,English Coins and Tokens: With A Chapter on Greek and Roman Coins,Llewellynn Frederick William Jewitt,.
724,The Forsyte Saga - Complete,John Galsworthy,.
725,The Sleeping Beauty and other fairy tales,Charles Perrault,.
726,The Willows,Algernon Blackwood,.
727,In Bad Company and other stories,Rolf Boldrewood,.
728,The Birth of Tragedy: or Hellenism and Pessimism,Friedrich Wilhelm Nietzsche,.
729,The Jew of Malta,Christopher Marlowe,.
730,The House on the Borderland,William Hope Hodgson,.
731,Major Barbara,Bernard Shaw,.
732,The Song of Roland,Unknown,.
733,Life Is a Dream,de la Barca Pedro Calderon,.
734,The Game of Logic,Lewis Carroll,.
735,The Marvelous Land of Oz,L. Frank (Lyman Frank) Baum,.
736,The Wisdom of Father Brown,G. K. (Gilbert Keith) Chesterton,.
737,Cawnpore,George Otto Trevelyan,.
738,Astounding Stories of Super-Science January 1930,Unknown,.
739,Nice Girl With 5 Husbands,Fritz Leiber,.
740,A First Spanish Reader,Erwin W. (Erwin William) Roessler,.
741,"The Essays of ""George Eliot"": Complete",George Eliot,.
742,De Nederlandsche Geslachtsnamen in Oorsprong Geschiedenis en Beteekenis,Johan Winkler,.
743,American Fairy Tales,L. Frank (Lyman Frank) Baum,.
744,The Social Contract & Discourses,Jean-Jacques Rousseau,.
745,Home Geography for Primary Grades,C. C. Long,.
746,Bahnwärter Thiel,Gerhart Hauptmann,.
747,Phaedrus,Plato,.
748,Ibrahim Pasha: Grand Vizir of Suleiman the Magnificent,Hester Donaldson Jenkins,.
749,Pollyanna,Eleanor H. (Eleanor Hodgman) Porter,.
750,The Letters of Cicero Volume 1: The Whole Extant Correspodence in Chronological Order,Marcus Tullius Cicero,.
751,The Good Soldier,Ford Madox Ford,.
752,The Practice of the Presence of God,Brother Lawrence of the Resurrection,.
753,The Old Curiosity Shop,Charles Dickens,.
754,Man and Superman: A Comedy and a Philosophy,Bernard Shaw,.
755,Moral Equivalent,Kris Neville,.
756,Ibong Adarna: Corrido at Buhay na Pinagdaanan nang tatlong Principeng Magcacapatid na Anac,Anonymous,.
757,Madame Bovary,Gustave Flaubert,.
758,The Anabasis of Alexander: or The History of the Wars and Conquests of Alexander the Grea,Arrian of Nicomedia,.
759,The Princess and the Goblin,George MacDonald,.
760,The Odyssey,Homer,.
761,That Which Hath Wings,Richard Dehan,.
762,Spoon River Anthology,Edgar Lee Masters,.
763,Stories from Tagore,Rabindranath Tagore,.
764,The Divine Comedy by Dante Illustrated Purgatory Complete,Alighieri Dante,.
765,Cicero: Letters to Atticus Volume III (of 3),Marcus Tullius Cicero,.
766,McGuffey's First Eclectic Reader Revised Edition,William Holmes McGuffey,.
767,Hawaiian Folk Tales: A Collection of Native Legends,Unknown,.
768,The Second Jungle Book,Rudyard Kipling,.
769,The Hound of the Baskervilles,Arthur Conan Doyle,.
770,Plutarch: Lives of the noble Grecians and Romans,Plutarch,.
771,The Story of the Three Little Pigs,L. Leslie (Leonard Leslie) Brooke,.
772,The Crowd: A Study of the Popular Mind,Bon Gustave Le,.
773,The Cool War,Andrew Fetler,.
774,The Iliad of Homer: Translated into English Blank Verse by William Cowper,Homer,.
775,The Imitation of Christ,a Kempis Thomas,.
776,Fifty Famous Stories Retold,James Baldwin,.
777,"""Everyman"" with other interludes including eight miracle plays",Unknown,.
778,The Fight Against Lynching: Anti-Lynching Work of the National Association for the Advance,Anonymous,.
779,The Boy Mechanic: Volume 1: 700 Things for Boys to Do,Mechanics Company Popular,.
780,The Lock and Key Library: Classic Mystery and Detective Stories: Modern English,Unknown,.
781,Motor Matt's Reverse: or Caught in a Losing Cause,Stanley R. Matthews,.
782,White Nights and Other Stories: The Novels of Fyodor Dostoevsky Volume X,Fyodor Dostoyevsky,.
783,The Satyricon — Volume 02: Dinner of Trimalchio,Arbiter Petronius,.
784,Hunt the Hunter,Kris Neville,.
785,The Complete Project Gutenberg Works of Jane Austen: A Linked Index of all PG Editions of ,Jane Austen,.
786,Poems,Rainer Maria Rilke,.
787,Advance Agent,Christopher Anvil,.
788,The Life of Reason: The Phases of Human Progress,George Santayana,.
789,Twenty Thousand Leagues Under the Seas: An Underwater Tour of the World,Jules Verne,.
790,Tamburlaine the Great — Part 1,Christopher Marlowe,.
791,Symbolic Logic,Lewis Carroll,.
792,The Master Builder,Henrik Ibsen,.
793,Poem Outlines,Sidney Lanier,.
794,The Expression of the Emotions in Man and Animals,Charles Darwin,.
795,A Doll's House,Henrik Ibsen,.
796,Sartor Resartus: The Life and Opinions of Herr Teufelsdröckh,Thomas Carlyle,.
797,An Old Babylonian Version of the Gilgamesh Epic,Albert Tobias Clay,.
798,Autobiography of Andrew Carnegie,Andrew Carnegie,.
799,The Beggar's Opera; to Which is Prefixed the Musick to Each Song,John Gay,.
800,The Elements of Drawing in Three Letters to Beginners,John Ruskin,.
801,The Virginian: A Horseman of the Plains,Owen Wister,.
802,The Germany and the Agricola of Tacitus,Cornelius Tacitus,.
803,Common Sense,Thomas Paine,.
804,Letters to His Son Complete: On the Fine Art of Becoming a Man of the World and a Gentlem,Philip Dormer Stanhope,.
805,Chain Reaction,Boyd Ellanby,.
806,The Border and the Buffalo: An Untold Story of the Southwest Plains,John R. Cook,.
807,The Beautiful and Damned,F. Scott (Francis Scott) Fitzgerald,.
808,The Picture of Dorian Gray,Oscar Wilde,.
809,Franklin's Way to Wealth: or 'Poor Richard Improved',Benjamin Franklin,.
810,The Gift of the Magi,O. Henry,.
811,1001 zadacha dlia umstvennogo scheta,Sergei Aleksandrovich Rachinskii,.
812,The Golden Gems of Life: Gathered Jewels for the Home Circle,S. C. Ferguson,.
813,Sordman the Protector,Tom Purdom,.
814,Of Human Bondage,W. Somerset (William Somerset) Maugham,.
815,French Mediaeval Romances from the Lays of Marie de France,Queen of Rumania Marie,.
816,Against the Grain,J.-K. (Joris-Karl) Huysmans,.
817,Browning's Shorter Poems,Robert Browning,.
818,Mr. Spaceship,Philip K. Dick,.
819,Ambition,William L. Bade,.
820,Captain Blood,Rafael Sabatini,.
821,Jane's All the World's Aircraft. 1913,Unknown,.
822,"""1812"" Napoleon I in Russia",Vasilii Vasilevich Vereshchagin,.
823,The Voyage of the Beagle,Charles Darwin,.
824,Howards End,E. M. (Edward Morgan) Forster,.
825,Modern Essays,Unknown,.
826,The Essays or Counsels Civil and Moral,Francis Bacon,.
827,The Sketch-Book of Geoffrey Crayon,Washington Irving,.
828,What's Wrong with the World,G. K. (Gilbert Keith) Chesterton,.
829,Fox's Book of Martyrs: Or A History of the Lives Sufferings and Triumphant; Deaths of th,John Foxe,.
830,Hamlet Prince of Denmark,William Shakespeare,.
831,The Night Land,William Hope Hodgson,.
832,Three Ghost Stories,Charles Dickens,.
833,The Skull,Philip K. Dick,.
834,The Story of Elizabeth Canning Considered,John A. (John Alexander) Hill,.
835,The Voyage Out,Virginia Woolf,.
836,The Golden Asse,Apuleius,.
837,Letters of Abelard and Heloise: To which is prefix'd a particular account of their lives ,Heloise,.
838,The Montessori Method: Scientific Pedagogy as Applied to Child Education in 'The Children',Maria Montessori,.
839,The German Classics from the Fourth to the Nineteenth Century Vol. 1 (of 2),F. Max (Friedrich Max) Muller,.
840,Night and Day,Virginia Woolf,.
841,The Scarlet Letter,Nathaniel Hawthorne,.
842,The Mystery of the Yellow Room,Gaston Leroux,.
843,"""De Bello Gallico"" and Other Commentaries",Julius Caesar,.
844,Myths & Legends of the Celtic Race,T. W. (Thomas William) Rolleston,.
845,The 2010 CIA World Factbook,States. Central Intelligence Agency United,.
846,The Inspector-General,Nikolai Vasilevich Gogol,.
847,Toadstools mushrooms fungi edible and poisonous; one thousand American fungi,Robert K. Macadam,.
848,The Garden Party and Other Stories,Katherine Mansfield,.
849,Micromegas,Voltaire,.
850,Platero y yo,Juan Ramon Jimenez,.
851,The Analects of Confucius (from the Chinese Classics),Confucius,.
852,English Fairy Tales,Unknown,.
853,The Ambassadors,Henry James,.
854,A Pail of Air,Fritz Leiber,.
855,Hung Lou Meng or the Dream of the Red Chamber a Chinese Novel Book I,Xueqin Cao,.
856,The Red House Mystery,A. A. (Alan Alexander) Milne,.
857,The Mystery of Edwin Drood,Charles Dickens,.
858,Theresa Raquin,Emile Zola,.
859,The Prisoner of Zenda,Anthony Hope,.
860,Orthodoxy,G. K. (Gilbert Keith) Chesterton,.
861,The Swiss Family Robinson; or Adventures in a Desert Island,Johann David Wyss,.
862,New Latin Grammar,Charles E. (Charles Edwin) Bennett,.
863,Gulliver's Travels into Several Remote Regions of the World,Jonathan Swift,.
864,A History of Indian Philosophy Volume 1,Surendranath Dasgupta,.
865,Little Men,Louisa May Alcott,.
866,Clarissa Harlowe; or the history of a young lady — Volume 1,Samuel Richardson,.
867,The Chemistry of Food and Nutrition,A. W. Duncan,.
868,Flappers and Philosophers,F. Scott (Francis Scott) Fitzgerald,.
869,La chanson des vieux époux,Pierre Loti,.
870,Euthyphro,Plato,.
871,Hesiod the Homeric Hymns and Homerica,Hesiod,.
872,The Furious Rose,Dean Evans,.
873,The Writings of Thomas Paine — Volume 2 (1779-1792): The Rights of Man,Thomas Paine,.
874,Nursing as Caring: A Model for Transforming Practice,Anne Boykin,.
875,The Secret Sharer,Joseph Conrad,.
876,The Common Law,Oliver Wendell Holmes,.
877,The Luck of Roaring Camp and Other Tales: With Condensed Novels Spanish and American Lege,Bret Harte,.
878,The Soul of Man under Socialism,Oscar Wilde,.
879,The French Revolution: A History,Thomas Carlyle,.
880,O Pioneers!,Willa Cather,.
881,The Lady of the Lake,Walter Scott,.
882,The Story of Mankind,Loon Hendrik Willem Van,.
883,A Boy's Will,Robert Frost,.
884,Les Fleurs du Mal,Charles Baudelaire,.
885,Studies in the Psychology of Sex Volume 1: The Evolution of Modesty; The Phenomena of Sex,Havelock Ellis,.
886,The Art of War,active 6th century B.C. Sunzi,.
887,Sketches New and Old,Mark Twain,.
888,Hegel's Philosophy of Mind,Georg Wilhelm Friedrich Hegel,.
889,The Madman: His Parables and Poems,Kahlil Gibran,.
890,Nicolo Paganini: His Life and Work,Stephen S. (Stephen Samuel) Stratton,.
891,The Imaginary Invalid,Moliere,.
892,Rilla of Ingleside,L. M. (Lucy Maud) Montgomery,.
893,The Tale of Benjamin Bunny,Beatrix Potter,.
894,Line and Form (1900),Walter Crane,.
895,American Notes,Charles Dickens,.
896,Laws,Plato,.
897,Demian: Die Geschichte von Emil Sinclairs Jugend,Hermann Hesse,.
898,The Autobiography of an Ex-Colored Man,James Weldon Johnson,.
899,The Complete Poetical Works of Edgar Allan Poe: Including Essays on Poetry,Edgar Allan Poe,.
900,The Diary of a Nobody,Weedon Grossmith,.
901,Bradford's History of 'Plimoth Plantation': From the Original Manuscript. With a Report of,William Bradford,.
902,The Real Mother Goose,Unknown,.
903,Uncle Remus and Brer Rabbit,Joel Chandler Harris,.
904,The Rubaiyat of Omar Khayyam,Khayyam Omar,.
905,A Dictionary of Cebuano Visayan,John U. Wolff,.
906,Lords and Lovers: and Other Dramas,Olive Tilford Dargan,.
907,The Slang Dictionary: Etymological Historical and Andecdotal,John Camden Hotten,.
908,Tales of Terror and Mystery,Arthur Conan Doyle,.
909,Martin Eden,Jack London,.
910,The Tragical History of Doctor Faustus: From the Quarto of 1616,Christopher Marlowe,.
911,The Arabian Nights Entertainments,Andrew Lang,.
912,Four Weird Tales,Algernon Blackwood,.
913,Daemonologie.,I King of England James,.
914,A Beginner's Psychology,Edward Bradford Titchener,.
915,The History of Mary Prince a West Indian Slave,Mary Prince,.
916,Mary Barton,Elizabeth Cleghorn Gaskell,.
917,The Little White Bird; Or Adventures in Kensington Gardens,J. M. (James Matthew) Barrie,.
918,Capture and Escape: A Narrative of Army and Prison Life,John Azor Kellogg,.
919,The Critique of Practical Reason,Immanuel Kant,.
920,The Poetical Works of John Milton,John Milton,.
921,The Complete Poems of Paul Laurence Dunbar,Paul Laurence Dunbar,.
922,The Flowers of Evil,Charles Baudelaire,.
923,Woodcraft and Camping,George Washington Sears,.
924,Woyzeck,Georg Buchner,.
925,Hamewith,Charles Theodore Murray,.
926,Die Leiden des jungen Werther — Band 1,Johann Wolfgang von Goethe,.
927,Narrative and Critical History of America Vol. IV (of 8): French Explorations and Settlem,Various,.
928,The Zen Experience,Thomas Hoover,.
929,An Elephant for the Prinkip,Joseph Wesley,.
930,Pennsylvania Dutch Cooking,Unknown,.
931,The Hanging Stranger,Philip K. Dick,.
932,The Coral Island: A Tale of the Pacific Ocean,R. M. (Robert Michael) Ballantyne,.
933,The Wonderful Wizard of Oz,L. Frank (Lyman Frank) Baum,.
934,The World Set Free,H. G. (Herbert George) Wells,.
935,The Religion of the Ancient Celts,J. A. (John Arnott) MacCulloch,.
936,Short Stories,Fyodor Dostoyevsky,.
937,Wives and Daughters,Elizabeth Cleghorn Gaskell,.
938,A Defence of Poetry and Other Essays,Percy Bysshe Shelley,.
939,Hunger,Knut Hamsun,.
940,The Return of Tarzan,Edgar Rice Burroughs,.
941,Prufrock and Other Observations,T. S. (Thomas Stearns) Eliot,.
942,Heretics,G. K. (Gilbert Keith) Chesterton,.
943,The Great English Short-Story Writers Volume 1,Unknown,.
944,Thought-Forms,C. W. (Charles Webster) Leadbeater,.
945,The Divine Comedy of Dante Alighieri: The Inferno,Alighieri Dante,.
946,The Elder Eddas of Saemund Sigfusson; and the Younger Eddas of Snorre Sturleson,Sturluson Snorri,.
947,The Crystal Crypt,Philip K. Dick,.
948,Public Opinion,Walter Lippmann,.
949,The Gardener,Rabindranath Tagore,.
950,The Kreutzer Sonata and Other Stories,Leo graf Tolstoy,.
951,The Jolly Corner,Henry James,.
952,Mission Furniture: How to Make It Part 3,H. H. (Henry Haven) Windsor,.
953,The Yoga Sutras of Patanjali: The Book of the Spiritual Man,Patanjali,.
954,The Door in the Wall and Other Stories,H. G. (Herbert George) Wells,.
955,Plutarch's Lives Volume I,Plutarch,.
956,Le comte de Monte-Cristo Tome I,Alexandre Dumas,.
957,The Book of Tea,Kakuzo Okakura,.
958,Rasselas Prince of Abyssinia,Samuel Johnson,.
959,The Argonautica,Rhodius Apollonius,.
960,La Divina Commedia di Dante,Alighieri Dante,.
961,The Works of Aphra Behn: Volume V,Aphra Behn,.
962,King Richard III,William Shakespeare,.
963,The Adventure of the Cardboard Box,Arthur Conan Doyle,.
964,Foods That Will Win The War And How To Cook Them (1918),C. Houston (Charles Houston) Goudiss,.
965,The Entire Project Gutenberg Works of Mark Twain,Mark Twain,.
966,Woodcraft Boys at Sunset Island,Lillian Elizabeth Roy,.
967,The Moon and Sixpence,W. Somerset (William Somerset) Maugham,.
968,Moby Word Lists,Grady Ward,.
969,Riders to the Sea,J. M. (John Millington) Synge,.
970,Ancient and Modern Ships Part 1: Wooden Sailing Ships,Sir George Charles Vincent Holmes,.
971,The New Life (La Vita Nuova),Alighieri Dante,.
972,As You Like It,William Shakespeare,.
973,Viking Tales,Jennie Hall,.
974,Aeneidos,Virgil,.
975,L'autre monde ou Histoire comique des Etats et Empires de la Lune,Savinien de Cyrano de Bergerac,.
976,Theodicy: Essays on the Goodness of God the Freedom of Man and the Origin of Evil,Gottfried Wilhelm Freiherr von Leibniz,.
977,The St. Gregory Hymnal and Catholic Choir Book,Unknown,.
978,Beeton's Book of Needlework,Mrs. (Isabella Mary) Beeton,.
979,Ghost Stories of an Antiquary,M. R. (Montague Rhodes) James,.
980,Martin Chuzzlewit,Charles Dickens,.
981,Boy of My Heart,Marie Connor Leighton,.
982,The Scarecrow of Oz,L. Frank (Lyman Frank) Baum,.
983,Henry D. Thoreau,F. B. Sanborn,.
984,The Ballad of Reading Gaol,Oscar Wilde,.
985,The Analysis of Beauty: Written with a view of fixing the fluctuating ideas of taste,William Hogarth,.
986,The Professor,Charlotte Bronte,.
987,Russian Fairy Tales: A Choice Collection of Muscovite Folk-lore,Unknown,.
988,Beethoven the Man and the Artist as Revealed in His Own Words,Ludwig van Beethoven,.
989,Triplanetary,E. E. (Edward Elmer) Smith,.
990,Ben-Hur; a tale of the Christ,Lew Wallace,.
991,Claudian volume 1 (of 2): With an English translation by Maurice Platnauer,Claudius Claudianus,.
992,The Love of Monsieur,George Gibbs,.
993,Self-Control Its Kingship and Majesty,William George Jordan,.
994,Beach Scene,Marshall King,.
995,Dumbwaiter,James Stamers,.
996,Kreativity For Kats,Fritz Leiber,.
997,East In The Morning,David E. Fisher,.
998,The Donkey the Elephant and the Goat: At a Public Meeting,Jack Preston,.
999,A Garden Diary: September 1899—September 1900,Emily Lawless,.
1000,Flying Machines Today,William Duane Ennis,.
1001,Perfect Answer,L.J. Stecher,.
1002,The Reluctant Heroes,Frank M. Robinson,.
1003,Film Truth; September 1920,Anonymous,.
1004,Othmar,Ouida,.
1005,Church History (Volumes 1-3),J. H. (Johann Heinrich) Kurtz,.
1006,The Uncensored Letters of a Canteen Girl,Katharine Duncan Morse,.
