1,Fight Club,David Fincher,An insomniac office worker and a devil-may-care soapmaker form an underground fight club that evolves into something much much more.
2,One Flew Over the Cuckoo's Nest,Milos Forman,A criminal pleads insanity and is admitted to a mental institution where he rebels against the oppressive nurse and rallies up the scared patients.
3,Star Wars: Episode V - The Empire Strikes Back,Irvin Kershner,After the Rebels are brutally overpowered by the Empire on the ice planet Hoth Luke Skywalker begins Jedi training with Yoda while his friends are pursued by Darth Vader and a bounty hunter named Boba Fett all over the galaxy.
4,The Matrix,Lana Wachowski Lilly Wachowski,A computer hacker learns from mysterious rebels about the true nature of his reality and his role in the war against its controllers.
5,Star Wars,George Lucas,Luke Skywalker joins forces with a Jedi Knight a cocky pilot a Wookiee and two droids to save the galaxy from the Empire's world-destroying battle station while also attempting to rescue Princess Leia from the mysterious Darth Vader.
6,Se7en,David Fincher,Two detectives a rookie and a veteran hunt a serial killer who uses the seven deadly sins as his motives.
7,Interstellar,Christopher Nolan,A team of explorers travel through a wormhole in space in an attempt to ensure humanity's survival.
8,City Lights,Charles Chaplin,With the aid of a wealthy erratic tippler a dewy-eyed tramp who has fallen in love with a sightless flower girl accumulates money to be able to help her medically.
9,Modern Times,Charles Chaplin,The Tramp struggles to live in modern industrial society with the help of a young homeless woman.
10,Psycho,Alfred Hitchcock,A Phoenix secretary embezzles $40000 from her employer's client goes on the run and checks into a remote motel run by a young man under the domination of his mother.
11,Back to the Future,Robert Zemeckis,Marty McFly a 17-year-old high school student is accidentally sent thirty years into the past in a time-traveling DeLorean invented by his close friend the eccentric scientist Doc Brown.
12,American History X,Tony Kaye,A former neo-nazi skinhead tries to prevent his younger brother from going down the same wrong path that he did.
13,Gladiator,Ridley Scott,A former Roman General sets out to exact vengeance against the corrupt emperor who murdered his family and sent him into slavery.
14,The Prestige,Christopher Nolan,After a tragic accident two stage magicians engage in a battle to create the ultimate illusion while sacrificing everything they have to outwit each other.
15,Whiplash,Damien Chazelle,A promising young drummer enrolls at a cut-throat music conservatory where his dreams of greatness are mentored by an instructor who will stop at nothing to realize a student's potential.
16,Joker,Todd Phillips,In Gotham City mentally troubled comedian Arthur Fleck is disregarded and mistreated by society. He then embarks on a downward spiral of revolution and bloody crime. This path brings him face-to-face with his alter-ego: the Joker.
17,Rear Window,Alfred Hitchcock,A wheelchair-bound photographer spies on his neighbors from his apartment window and becomes convinced one of them has committed murder.
18,Alien,Ridley Scott,After a space merchant vessel receives an unknown transmission as a distress call one of the crew is attacked by a mysterious life form and they soon realize that its life cycle has merely begun.
19,The Shining,Stanley Kubrick,A family heads to an isolated hotel for the winter where a sinister presence influences the father into violence while his psychic son sees horrific forebodings from both past and future.
20,Memento,Christopher Nolan,A man with short-term memory loss attempts to track down his wife's murderer.
21,WALL∑E,Andrew Stanton,In the distant future a small waste-collecting robot inadvertently embarks on a space journey that will ultimately decide the fate of mankind.
22,Avengers: Infinity War,Anthony Russo Joe Russo,The Avengers and their allies must be willing to sacrifice all in an attempt to defeat the powerful Thanos before his blitz of devastation and ruin puts an end to the universe.
23,Singin' in the Rain,Stanley Donen Gene Kelly,A silent film production company and cast make a difficult transition to sound.
24,Vertigo,Alfred Hitchcock,A former police detective juggles wrestling with his personal demons and becoming obsessed with a hauntingly beautiful woman.
25,A Clockwork Orange,Stanley Kubrick,In the future a sadistic gang leader is imprisoned and volunteers for a conduct-aversion experiment but it doesn't go as planned.
26,The Sting,George Roy Hill,Two grifters team up to pull off the ultimate con.
27,Star Wars: Episode VI - Return of the Jedi,Richard Marquand,After a daring mission to rescue Han Solo from Jabba the Hutt the Rebels dispatch to Endor to destroy the second Death Star. Meanwhile Luke struggles to help Darth Vader back from the dark side without falling into the Emperor's trap.
28,Aliens,James Cameron,Ellen Ripley is rescued by a deep salvage team after being in hypersleep for 57 years. The moon that the Nostromo visited has been colonized but contact is lost. This time colonial marines have impressive firepower but will that be enough?
29,Reservoir Dogs,Quentin Tarantino,When a simple jewelry heist goes horribly wrong the surviving criminals begin to suspect that one of them is a police informant.
30,Toy Story,John Lasseter,A cowboy doll is profoundly threatened and jealous when a new spaceman figure supplants him as top toy in a boy's room.
31,Good Will Hunting,Gus Van Sant,Will Hunting a janitor at M.I.T. has a gift for mathematics but needs help from a psychologist to find direction in his life.
32,American Beauty,Sam Mendes,A sexually frustrated suburban father has a mid-life crisis after becoming infatuated with his daughter's best friend.
33,Requiem for a Dream,Darren Aronofsky,The drug-induced utopias of four Coney Island people are shattered when their addictions run deep.
34,Eternal Sunshine of the Spotless Mind,Michel Gondry,When their relationship turns sour a couple undergoes a medical procedure to have each other erased from their memories.
35,Dial M for Murder,Alfred Hitchcock,A tennis player tries to arrange his wife's murder after learning of her affair.
36,To Kill a Mockingbird,Robert Mulligan,Atticus Finch a lawyer in the Depression-era South defends a black man against an undeserved rape charge and his children against prejudice.
37,Raging Bull,Martin Scorsese,The life of boxer
38,Unforgiven,Clint Eastwood,Retired Old West gunslinger William Munny (
39,Casino,Martin Scorsese,A tale of greed deception money power and murder occur between two best friends: a mafia enforcer and a casino executive compete against each other over a gambling empire and over a fast living and fast loving socialite.
40,L.A. Confidential,Curtis Hanson,As corruption grows in 1950s Los Angeles three policemen - one strait-laced one brutal and one sleazy - investigate a series of murders with their own brand of justice.
41,Lock Stock and Two Smoking Barrels,Guy Ritchie,A botched card game in London triggers four friends thugs weed-growers hard gangsters loan sharks and debt collectors to collide with each other in a series of unexpected events all for the sake of weed cash and two antique shotguns.
42,A Beautiful Mind,Ron Howard,After
43,V for Vendetta,James McTeigue,"In a future British tyranny a shadowy freedom fighter known only by the alias of ""V"" plots to overthrow it with the help of a young woman."
44,Up,Pete Docter Bob Peterson,78-year-old Carl Fredricksen travels to Paradise Falls in his house equipped with balloons inadvertently taking a young stowaway.
45,Three Billboards Outside Ebbing Missouri,Martin McDonagh,A mother personally challenges the local authorities to solve her daughter's murder when they fail to catch the culprit.
46,Gone with the Wind,Victor Fleming George Cukor,A manipulative woman and a roguish man conduct a turbulent romance during the American Civil War and Reconstruction periods.
47,Mr. Smith Goes to Washington,Frank Capra,A naive man is appointed to fill a vacancy in the United States Senate. His plans promptly collide with political corruption but he doesn't back down.
48,Ben-Hur,William Wyler,After a Jewish prince is betrayed and sent into slavery by a Roman friend he regains his freedom and comes back for revenge.
49,Network,Sidney Lumet,A television network cynically exploits a deranged former anchor's ravings and revelations about the news media for its own profit.
50,Rocky,John G. Avildsen,A small-time boxer gets a supremely rare chance to fight a heavy-weight champion in a bout in which he strives to go the distance for his self-respect.
51,Pink Floyd: The Wall,Alan Parker,A confined but troubled rock star descends into madness in the midst of his physical and social isolation from everyone.
52,Stand by Me,Rob Reiner,After the death of one of his friends a writer recounts a childhood journey with his friends to find the body of a missing boy.
53,The Princess Bride,Rob Reiner,While home sick in bed a young boy's grandfather reads him the story of a farmboy-turned-pirate who encounters numerous obstacles enemies and allies in his quest to be reunited with his true love.
54,In the Name of the Father,Jim Sheridan,A man's coerced confession to an I.R.A. bombing he did not commit results in the imprisonment of his father as well. An English lawyer fights to free them.
55,Fargo,Joel Coen Ethan Coen,Jerry Lundegaard's inept crime falls apart due to his and his henchmen's bungling and the persistent police work of the quite pregnant Marge Gunderson.
56,Trainspotting,Danny Boyle,Renton deeply immersed in the Edinburgh drug scene tries to clean up and get out despite the allure of the drugs and influence of friends.
57,The Truman Show,Peter Weir,An insurance salesman discovers his whole life is actually a reality TV show.
58,Finding Nemo,Andrew Stanton Lee Unkrich,After his son is captured in the Great Barrier Reef and taken to Sydney a timid clownfish sets out on a journey to bring him home.
59,How to Train Your Dragon,Dean DeBlois Chris Sanders,A hapless young Viking who aspires to hunt dragons becomes the unlikely friend of a young dragon himself and learns there may be more to the creatures than he assumed.
60,Harry Potter and the Deathly Hallows: Part 2,David Yates,Harry Ron and Hermione search for Voldemort's remaining Horcruxes in their effort to destroy the Dark Lord as the final battle rages on at Hogwarts.
61,Prisoners,Denis Villeneuve,When Keller Dover's daughter and her friend go missing he takes matters into his own hands as the police pursue multiple leads and the pressure mounts.
62,Spotlight,Tom McCarthy,The true story of how the Boston Globe uncovered the massive scandal of child molestation and cover-up within the local Catholic Archdiocese shaking the entire Catholic Church to its core.
63,12 Years a Slave,Steve McQueen,In the antebellum United States
64,Inside Out,Pete Docter Ronnie Del Carmen,After young Riley is uprooted from her Midwest life and moved to San Francisco her emotions - Joy Fear Anger Disgust and Sadness - conflict on how best to navigate a new city house and school.
65,Gone Girl,David Fincher,With his wife's disappearance having become the focus of an intense media circus a man sees the spotlight turned on him when it's suspected that he may not be innocent.
66,Room,Lenny Abrahamson,Held captive for 7 years in an enclosed space a woman and her young son finally gain their freedom allowing the boy to experience the outside world for the first time.
67,The Wizard of Oz,Victor Fleming George Cukor,Dorothy Gale is swept away from a farm in Kansas to a magical land of Oz in a tornado and embarks on a quest with her new friends to see the Wizard who can help her return home to Kansas and help her friends as well.
68,The Best Years of Our Lives,William Wyler,Three World War II veterans return home to small-town America to discover that they and their families have been irreparably changed.
69,The Graduate,Mike Nichols,A disillusioned college graduate finds himself torn between his older lover and her daughter.
70,Planet of the Apes,Franklin J. Schaffner,An astronaut crew crash-lands on a planet in the distant future where intelligent talking apes are the dominant species and humans are the oppressed and enslaved.
71,The Last Picture Show,Peter Bogdanovich,In 1951 a group of high schoolers come of age in a bleak isolated atrophied North Texas town that is slowly dying both culturally and economically.
72,Dog Day Afternoon,Sidney Lumet,A man robs a bank to pay for his lover's operation which turns into a hostage situation and a media circus.
73,Jaws,Steven Spielberg,When a killer shark unleashes chaos on a beach community it's up to a local sheriff a marine biologist and an old seafarer to hunt the beast down.
74,Gandhi,Richard Attenborough,The life of the lawyer who became the famed leader of the Indian revolts against the British rule through his philosophy of nonviolent protest.
75,Aladdin,Ron Clements John Musker,A kindhearted street urchin and a power-hungry Grand Vizier vie for a magic lamp that has the power to make their deepest wishes come true.
76,Scent of a Woman,Martin Brest,"A prep school student needing money agrees to ""babysit"" a blind man but the job is not at all what he anticipated."
77,The Nightmare Before Christmas,Henry Selick,Jack Skellington king of Halloween Town discovers Christmas Town but his attempts to bring Christmas to his home causes confusion.
78,Sling Blade,Billy Bob Thornton,Karl Childers a simple man hospitalized since his childhood murder of his mother and her lover is released to start a new life in a small town.
79,The Iron Giant,Brad Bird,A young boy befriends a giant robot from outer space that a paranoid government agent wants to destroy.
80,The Straight Story,David Lynch,An old man makes a long journey by lawnmower to mend his relationship with an ill brother.
81,Monsters Inc.,Pete Docter David Silverman,In order to power the city monsters have to scare children so that they scream. However the children are toxic to the monsters and after a child gets through 2 monsters realize things may not be what they think.
82,Donnie Darko,Richard Kelly,After narrowly escaping a bizarre accident a troubled teenager is plagued by visions of a man in a large rabbit suit who manipulates him to commit a series of crimes.
83,Dogville,Lars von Trier,A woman on the run from the mob is reluctantly accepted in a small Colorado community in exchange for labor but when a search visits the town she finds out that their support has a price.
84,Pirates of the Caribbean: The Curse of the Black Pearl,Gore Verbinski,"Blacksmith Will Turner teams up with eccentric pirate ""Captain"" Jack Sparrow to save his love the governor's daughter from Jack's former pirate allies who are now undead."
85,Cinderella Man,Ron Howard,The story of James J. Braddock a supposedly washed-up boxer who came back to become a champion and an inspiration in the 1930s.
86,Sin City,Frank Miller Quentin Tarantino,A movie that explores the dark and miserable town Basin City tells the story of three different people all caught up in violent corruption.
87,Deadpool,Tim Miller,A wisecracking mercenary gets experimented on and becomes immortal but ugly and sets out to track down the man who ruined his looks.
88,The Help,Tate Taylor,An aspiring author during the civil rights movement of the 1960s decides to write a book detailing the African American maids' point of view on the white families for which they work and the hardships they go through on a daily basis.
89,The King's Speech,Tom Hooper,The story of
90,The Perks of Being a Wallflower,Stephen Chbosky,An introvert freshman is taken under the wings of two seniors who welcome him to the real world.
91,Her,Spike Jonze,In a near future a lonely writer develops an unlikely relationship with an operating system designed to meet his every need.
92,Guardians of the Galaxy,James Gunn,A group of intergalactic criminals must pull together to stop a fanatical warrior with plans to purge the universe.
93,Wonder,Stephen Chbosky,Based on the New York Times bestseller this movie tells the incredibly inspiring and heartwarming story of August Pullman a boy with facial differences who enters the fifth grade attending a mainstream elementary school for the first time.
94,Zootopia,Byron Howard Rich Moore,In a city of anthropomorphic animals a rookie bunny cop and a cynical con artist fox must work together to uncover a conspiracy.
95,La La Land,Damien Chazelle,While navigating their careers in Los Angeles a pianist and an actress fall in love while attempting to reconcile their aspirations for the future.
96,Spartacus,Stanley Kubrick,The slave Spartacus leads a violent revolt against the decadent Roman Republic.
97,Night of the Living Dead,George A. Romero,A ragtag group of Pennsylvanians barricade themselves in an old farmhouse to remain safe from a bloodthirsty flesh-eating breed of monsters who are ravaging the East Coast of the United States.
98,Manhattan,Woody Allen,The life of a divorced television writer dating a teenage girl is further complicated when he falls in love with his best friend's mistress.
99,The Blues Brothers,John Landis,Jake Blues just released from prison puts together his old band to save the Catholic home where he and his brother Elwood were raised.
100,A Christmas Story,Bob Clark,In the 1940s a young boy named Ralphie attempts to convince his parents his teacher and Santa that a Red Ryder BB gun really is the perfect Christmas gift.
101,This Is Spinal Tap,Rob Reiner,Spinal Tap one of England's loudest bands is chronicled by film director Marty DiBergi on what proves to be a fateful tour.
102,Brazil,Terry Gilliam,A bureaucrat in a dystopic society becomes an enemy of the state as he pursues the woman of his dreams.
103,The Breakfast Club,John Hughes,Five high school students meet in Saturday detention and discover how they have a lot more in common than they thought.
104,Hannah and Her Sisters,Woody Allen,Between two Thanksgivings two years apart Hannah's husband falls in love with her sister Lee while her hypochondriac ex-husband rekindles his relationship with her sister Holly.
105,The Untouchables,Brian De Palma,During the era of Prohibition in the United States Federal Agent
106,Edward Scissorhands,Tim Burton,An artificial man who was incompletely constructed and has scissors for hands leads a solitary life. Then one day a suburban lady meets him and introduces him to her world.
107,Boogie Nights,Paul Thomas Anderson,The story of a young man's adventures in the California pornography industry of the late 1970s and early 1980s.
108,Harry Potter and the Prisoner of Azkaban,Alfonso Cuar√≥n,Harry Potter Ron and Hermione return to Hogwarts School of Witchcraft and Wizardry for their third year of study where they delve into the mystery surrounding an escaped prisoner who poses a dangerous threat to the young wizard.
109,Mystic River,Clint Eastwood,The lives of three men who were childhood friends are shattered when one of them has a family tragedy.
110,Shaun of the Dead,Edgar Wright,A man's uneventful life is disrupted by the zombie apocalypse.
111,In Bruges,Martin McDonagh,Guilt-stricken after a job gone wrong hitman Ray and his partner await orders from their ruthless boss in Bruges Belgium the last place in the world Ray wants to be.
112,Star Trek,J.J. Abrams,The brash James T. Kirk tries to live up to his father's legacy with Mr. Spock keeping him in check as a vengeful Romulan from the future creates black holes to destroy the Federation one planet at a time.
113,The Wrestler,Darren Aronofsky,A faded professional wrestler must retire but finds his quest for a new life outside the ring a dispiriting struggle.
114,Edge of Tomorrow,Doug Liman,A soldier fighting aliens gets to relive the same day over and over again the day restarting every time he dies.
115,Star Wars: Episode VII - The Force Awakens,J.J. Abrams,As a new threat to the galaxy rises Rey a desert scavenger and Finn an ex-stormtrooper must join Han Solo and Chewbacca to search for the one hope of restoring peace.
116,Nightcrawler,Dan Gilroy,When Louis Bloom a con man desperate for work muscles into the world of L.A. crime journalism he blurs the line between observer and participant to become the star of his own story.
117,Thor: Ragnarok,Taika Waititi,Imprisoned on the planet Sakaar Thor must race against time to return to Asgard and stop Ragnar√∂k the destruction of his world at the hands of the powerful and ruthless villain Hela.
118,Bilal: A New Breed of Hero,Khurram H. Alavi Ayman Jamal,A thousand years ago a boy with a dream of becoming a great warrior is abducted with his sister and taken to a land far away from home. In a world where greed and injustice rule all Bilal finds the courage to raise his voice and make a change.
119,The Gentlemen,Guy Ritchie,An American expat tries to sell off his highly profitable marijuana empire in London triggering plots schemes bribery and blackmail in an attempt to steal his domain out from under him.
120,Fantasia,James Algar Samuel Armstrong,A collection of animated interpretations of great works of Western classical music.
121,Mary Poppins,Robert Stevenson,In turn of the century London a magical nanny employs music and adventure to help two neglected children become closer to their father.
122,My Fair Lady,George Cukor,Snobbish phonetics Professor Henry Higgins agrees to a wager that he can make flower girl Eliza Doolittle presentable in high society.
123,Guess Who's Coming to Dinner,Stanley Kramer,A couple's attitudes are challenged when their daughter introduces them to her African-American fianc√©.
124,The Conversation,Francis Ford Coppola,A paranoid secretive surveillance expert has a crisis of conscience when he suspects that the couple he is spying on will be murdered.
125,Halloween,John Carpenter,Fifteen years after murdering his sister on Halloween night 1963 Michael Myers escapes from a mental hospital and returns to the small town of Haddonfield Illinois to kill again.
126,Kramer vs. Kramer,Robert Benton,Ted Kramer's wife leaves him allowing for a lost bond to be rediscovered between Ted and his son Billy. But a heated custody battle ensues over the divorced couple's son deepening the wounds left by the separation.
127,E.T. the Extra-Terrestrial,Steven Spielberg,A troubled child summons the courage to help a friendly alien escape Earth and return to his home world.
128,The King of Comedy,Martin Scorsese,Rupert Pupkin is a passionate yet unsuccessful comic who craves nothing more than to be in the spotlight and to achieve this he stalks and kidnaps his idol to take the spotlight for himself.
129,Ghostbusters,Ivan Reitman,Three former parapsychology professors set up shop as a unique ghost removal service.
130,The Color Purple,Steven Spielberg,A black Southern woman struggles to find her identity after suffering abuse from her father and others over four decades.
131,Mississippi Burning,Alan Parker,Two F.B.I. Agents with wildly different styles arrive in Mississippi to investigate the disappearance of some civil rights activists.
132,Back to the Future Part II,Robert Zemeckis,After visiting 2015 Marty McFly must repeat his visit to 1955 to prevent disastrous changes to 1985...without interfering with his first trip.
133,Awakenings,Penny Marshall,The victims of an encephalitis epidemic many years ago have been catatonic ever since but now a new drug offers the prospect of reviving them.
134,Misery,Rob Reiner,After a famous author is rescued from a car crash by a fan of his novels he comes to realize that the care he is receiving is only the beginning of a nightmare of captivity and abuse.
135,Boyz n the Hood,John Singleton,Follows the lives of three young males living in the Crenshaw ghetto of Los Angeles dissecting questions of race relationships violence and future prospects.
136,What's Eating Gilbert Grape,Lasse Hallstr√∂m,A young man in a small Midwestern town struggles to care for his mentally-disabled younger brother and morbidly obese mother while attempting to pursue his own happiness.
137,Ed Wood,Tim Burton,Ambitious but troubled movie director
138,Shrek,Andrew Adamson Vicky Jenson,A mean lord exiles fairytale creatures to the swamp of a grumpy ogre who must go on a quest and rescue a princess for the lord in order to get his land back.
139,October Sky,Joe Johnston,The true story of Homer Hickam a coal miner's son who was inspired by the first Sputnik launch to take up rocketry against his father's wishes.
140,Remember the Titans,Boaz Yakin,The true story of a newly appointed African-American coach and his high school team on their first season as a racially integrated unit.
141,The Count of Monte Cristo,Kevin Reynolds,"A young man falsely imprisoned by his jealous ""friend"" escapes and uses a hidden treasure to exact his revenge."
142,The Notebook,Nick Cassavetes,A poor yet passionate young man falls in love with a rich young woman giving her a sense of freedom but they are soon separated because of their social differences.
143,The World's Fastest Indian,Roger Donaldson,The story of New Zealander Burt Munro who spent years rebuilding a 1920 Indian motorcycle which helped him set the land speed world record at Utah's Bonneville Salt Flats in 1967.
144,Pride & Prejudice,Joe Wright,Sparks fly when spirited Elizabeth Bennet meets single rich and proud Mr. Darcy. But Mr. Darcy reluctantly finds himself falling in love with a woman beneath his class. Can each overcome their own pride and prejudice?
145,Hot Fuzz,Edgar Wright,A skilled London police officer is transferred to a small town with a dark secret.
146,Little Miss Sunshine,Jonathan Dayton Valerie Faris,A family determined to get their young daughter into the finals of a beauty pageant take a cross-country trip in their VW bus.
147,The Hobbit: An Unexpected Journey,Peter Jackson,A reluctant Hobbit Bilbo Baggins sets out to the Lonely Mountain with a spirited group of dwarves to reclaim their mountain home and the gold within it from the dragon Smaug.
148,The Fighter,David O. Russell,Based on the story of
149,The Hobbit: The Desolation of Smaug,Peter Jackson,The dwarves along with Bilbo Baggins and Gandalf the Grey continue their quest to reclaim Erebor their homeland from Smaug. Bilbo Baggins is in possession of a mysterious and magical ring.
150,Straight Outta Compton,F. Gary Gray,The rap group
151,The Big Short,Adam McKay,In 2006-2007 a group of investors bet against the US mortgage market. In their research they discover how flawed and corrupt the market is.
152,How to Train Your Dragon 2,Dean DeBlois,When Hiccup and Toothless discover an ice cave that is home to hundreds of new wild dragons and the mysterious Dragon Rider the two friends find themselves at the center of a battle to protect the peace.
153,Moonrise Kingdom,Wes Anderson,A pair of young lovers flee their New England town which causes a local search party to fan out to find them.
154,La migliore offerta,Giuseppe Tornatore,A lonely art expert working for a mysterious and reclusive heiress finds not only her art worth examining.
155,Toy Story 4,Josh Cooley,"When a new toy called ""Forky"" joins Woody and the gang a road trip alongside old and new friends reveals how big the world can be for a toy."
156,About Time,Richard Curtis,At the age of 21 Tim discovers he can travel in time and change what happens and has happened in his own life. His decision to make his world a better place by getting a girlfriend turns out not to be as easy as you might think.
157,Big Hero 6,Don Hall Chris Williams,The special bond develops between plus-sized inflatable robot Baymax and prodigy Hiro Hamada. They team up with a group of friends to form a band of high-tech heroes.
158,Loving Vincent,Dorota Kobiela Hugh Welchman,In a story depicted in oil painted animation a young man comes to the last hometown of painter Vincent van Gogh (Robert Gulaczyk) to deliver the troubled artist's final letter and ends up investigating his final days there.
159,Rogue One,Gareth Edwards,The daughter of an Imperial scientist joins the Rebel Alliance in a risky move to steal the plans for the Death Star.
160,Manchester by the Sea,Kenneth Lonergan,A depressed uncle is asked to take care of his teenage nephew after the boy's father dies.
161,Kubo and the Two Strings,Travis Knight,A young boy named Kubo must locate a magical suit of armour worn by his late father in order to defeat a vengeful spirit from the past.
162,Paddington 2,Paul King,Paddington now happily settled with the Brown family and a popular member of the local community picks up a series of odd jobs to buy the perfect present for his Aunt Lucy's (Imelda Staunton's) 100th birthday only for the gift to be stolen.
163,Hidden Figures,Theodore Melfi,The story of a team of female African-American mathematicians who served a vital role in NASA during the early years of the U.S. space program.
164,The Caine Mutiny,Edward Dmytryk,When a U.S. Naval captain shows signs of mental instability that jeopardizes the ship the first officer relieves him of command and faces court martial for mutiny.
165,Rebel Without a Cause,Nicholas Ray,A rebellious young man with a troubled past comes to a new town finding friends and enemies.
166,The Odd Couple,Gene Saks,Two friends try sharing an apartment but their ideas of housekeeping and lifestyles are as different as night and day.
167,Dirty Harry,Don Siegel,"When a madman calling himself ""the Scorpio Killer"" menaces the city tough as nails San Francisco Police Inspector ""Dirty"" Harry Callahan is assigned to track down and ferret out the crazed psychopath."
168,Love and Death,Woody Allen,In czarist Russia a neurotic soldier and his distant cousin formulate a plot to assassinate Napoleon.
169,Nashville,Robert Altman,Over the course of a few hectic days numerous interrelated people prepare for a political convention.
170,Airplane!,Jim Abrahams David Zucker,A man afraid to fly must ensure that a plane lands safely after the pilots become sick.
171,Ordinary People,Robert Redford,The accidental death of the older son of an affluent family deeply strains the relationships among the bitter mother the good-natured father and the guilt-ridden younger son.
172,First Blood,Ted Kotcheff,A veteran Green Beret is forced by a cruel Sheriff and his deputies to flee into the mountains and wage an escalating one-man war against his pursuers.
173,Star Trek II: The Wrath of Khan,Nicholas Meyer,With the assistance of the Enterprise crew Admiral Kirk must stop an old nemesis Khan Noonien Singh from using the life-generating Genesis Device as the ultimate weapon.
174,The Verdict,Sidney Lumet,A lawyer sees the chance to salvage his career and self-respect by taking a medical malpractice case to trial rather than settling.
175,After Hours,Martin Scorsese,An ordinary word processor has the worst night of his life after he agrees to visit a girl in Soho who he met that evening at a coffee shop.
176,The Purple Rose of Cairo,Woody Allen,In New Jersey in 1935 a movie character walks off the screen and into the real world.
177,Blue Velvet,David Lynch,The discovery of a severed human ear found in a field leads a young man on an investigation related to a beautiful mysterious nightclub singer and a group of psychopathic criminals who have kidnapped her child.
178,Maurice,James Ivory,After his lover rejects him a young man trapped by the oppressiveness of Edwardian society tries to come to terms with and accept his sexuality.
179,Running on Empty,Sidney Lumet,The eldest son of a fugitive family comes of age and wants to live a life of his own.
180,Who Framed Roger Rabbit,Robert Zemeckis Richard Williams,A toon-hating detective is a cartoon rabbit's only hope to prove his innocence when he is accused of murder.
181,Barton Fink,Joel Coen Ethan Coen,A renowned New York playwright is enticed to California to write for the movies and discovers the hellish truth of Hollywood.
182,Fried Green Tomatoes,Jon Avnet,A housewife who is unhappy with her life befriends an old lady in a nursing home and is enthralled by the tales she tells of people she used to know.
183,Glengarry Glen Ross,James Foley,An examination of the machinations behind the scenes at a real estate office.
184,Malcolm X,Spike Lee,Biographical epic of the controversial and influential Black Nationalist leader from his early life and career as a small-time gangster to his ministry as a member of the Nation of Islam.
185,The Muppet Christmas Carol,Brian Henson,The Muppet characters tell their version of the classic tale of an old and bitter miser's redemption on Christmas Eve.
186,Philadelphia,Jonathan Demme,When a man with HIV is fired by his law firm because of his condition he hires a homophobic small time lawyer as the only willing advocate for a wrongful dismissal suit.
187,Clerks,Kevin Smith,A day in the lives of two convenience clerks named Dante and Randal as they annoy customers discuss movies and play hockey on the store roof.
188,As Good as It Gets,James L. Brooks,A single mother and waitress a misanthropic author and a gay artist form an unlikely friendship after the artist is assaulted in a robbery.
189,Being John Malkovich,Spike Jonze,A puppeteer discovers a portal that leads literally into the head of movie star
190,Office Space,Mike Judge,Three company workers who hate their jobs decide to rebel against their greedy boss.
191,South Park: Bigger Longer & Uncut,Trey Parker,When Stan Marsh and his friends go see an R-rated movie they start cursing and their parents think that Canada is to blame.
192,O Brother Where Art Thou?,Joel Coen Ethan Coen,In the deep south during the 1930s three escaped convicts search for hidden treasure while a relentless lawman pursues them.
193,Billy Elliot,Stephen Daldry,A talented young boy becomes torn between his unexpected love of dance and the disintegration of his family.
194,Road to Perdition,Sam Mendes,A mob enforcer's son witnesses a murder forcing him and his father to take to the road and his father down a path of redemption and revenge.
195,I Am Sam,Jessie Nelson,A mentally handicapped man fights for custody of his 7-year-old daughter and in the process teaches his cold-hearted lawyer the value of love and family.
196,Finding Neverland,Marc Forster,The story of Sir
197,21 Grams,Alejandro G. I√±√°rritu,A freak accident brings together a critically ill mathematician a grieving mother and a born-again ex-con.
198,Ray,Taylor Hackford,The story of the life and career of the legendary rhythm and blues musician
199,Tangled,Nathan Greno Byron Howard,The magically long-haired Rapunzel has spent her entire life in a tower but now that a runaway thief has stumbled upon her she is about to discover the world for the first time and who she really is.
200,Control,Anton Corbijn,A profile of
201,Lucky Number Slevin,Paul McGuigan,A case of mistaken identity lands Slevin into the middle of a war being plotted by two of the city's most rival crime bosses: The Rabbi and The Boss. Slevin is under constant surveillance by relentless Detective Brikowski.
202,Zodiac,David Fincher,In the late 1960s/early 1970s a San Francisco cartoonist becomes an amateur detective obsessed with tracking down the Zodiac Killer an unidentified individual who terrorizes Northern California with a killing spree.
203,Ex Machina,Alex Garland,A young programmer is selected to participate in a ground-breaking experiment in synthetic intelligence by evaluating the human qualities of a highly advanced humanoid A.I.
204,This Is England,Shane Meadows,A young boy becomes friends with a gang of skinheads. Friends soon become like family and relationships will be pushed to the very limit.
205,Flipped,Rob Reiner,Two eighth-graders start to have feelings for each other despite being total opposites.
206,Changeling,Clint Eastwood,Grief-stricken mother Christine Collins (Angelina Jolie) takes on the L.A.P.D. to her own detriment when it tries to pass off an obvious impostor as her missing child.
207,Frost/Nixon,Ron Howard,A dramatic retelling of the post-Watergate television interviews between British talk-show host
208,Harry Potter and the Deathly Hallows: Part 1,David Yates,As Harry (Daniel Radcliffe) Ron (Rupert Grint) and Hermione (Emma Watson) race against time and evil to destroy the Horcruxes they uncover the existence of the three most powerful objects in the wizarding world: the Deathly Hallows.
209,Silver Linings Playbook,David O. Russell,After a stint in a mental institution former teacher Pat Solitano moves back in with his parents and tries to reconcile with his ex-wife. Things get more challenging when Pat meets Tiffany a mysterious girl with problems of her own.
210,The Hangover,Todd Phillips,Three buddies wake up from a bachelor party in Las Vegas with no memory of the previous night and the bachelor missing. They make their way around the city in order to find their friend before his wedding.
211,A Star Is Born,Bradley Cooper,A musician helps a young singer find fame as age and alcoholism send his own career into a downward spiral.
212,Le Petit Prince,Mark Osborne,A little girl lives in a very grown-up world with her mother who tries to prepare her for it. Her neighbor the Aviator introduces the girl to an extraordinary world where anything is possible the world of the Little Prince.
213,Wreck-It Ralph,Rich Moore,A video game villain wants to be a hero and sets out to fulfill his dream but his quest brings havoc to the whole arcade where he lives.
214,Birdman or (The Unexpected Virtue of Ignorance),Alejandro G. I√±√°rritu,A washed-up superhero actor attempts to revive his fading career by writing directing and starring in a Broadway production.
215,Me and Earl and the Dying Girl,Alfonso Gomez-Rejon,High schooler Greg who spends most of his time making parodies of classic movies with his co-worker Earl finds his outlook forever altered after befriending a classmate who has just been diagnosed with cancer.
216,The Fault in Our Stars,Josh Boone,Two teenage cancer patients begin a life-affirming journey to visit a reclusive author in Amsterdam.
217,Get Out,Jordan Peele,A young African-American visits his white girlfriend's parents for the weekend where his simmering uneasiness about their reception of him eventually reaches a boiling point.
218,Wind River,Taylor Sheridan,A veteran hunter helps an FBI agent investigate the murder of a young woman on a Wyoming Native American reservation.
219,Snow White and the Seven Dwarfs,William Cottrell David Hand,Exiled into the dangerous forest by her wicked stepmother a princess is rescued by seven dwarf miners who make her part of their household.
220,From Here to Eternity,Fred Zinnemann,In Hawaii in 1941 a private is cruelly punished for not boxing on his unit's team while his captain's wife and second-in-command are falling in love.
221,A Star Is Born,George Cukor,A film star helps a young singer and actress find fame even as age and alcoholism send his own career on a downward spiral.
222,The Jungle Book,Wolfgang Reitherman James Algar,Bagheera the Panther and Baloo the Bear have a difficult time trying to convince a boy to leave the jungle for human civilization.
223,Little Big Man,Arthur Penn,Jack Crabb looking back from extreme old age tells of his life being raised by Native Americans and fighting with General Custer.
224,Escape from Alcatraz,Don Siegel,Alcatraz is the most secure prison of its time. It is believed that no one can ever escape from it until three daring men make a possible successful attempt at escaping from one of the most infamous prisons in the world.
225,Hair,Milos Forman,Claude Bukowski leaves the family ranch in Oklahoma for New York where he is embraced into the hippie group of youngsters led by Berger yet he's already been drafted. He soon falls in love with Sheila Franklin a rich girl but still a rebel inside.
226,The Warriors,Walter Hill,In the near future a charismatic leader summons the street gangs of New York City in a bid to take it over. When he is killed The Warriors are falsely blamed and now must fight their way home while every other gang is hunting them down.
227,Mad Max 2,George Miller,In the post-apocalyptic Australian wasteland a cynical drifter agrees to help a small gasoline-rich community escape a horde of bandits.
228,The Secret of NIMH,Don Bluth,To save her ill son a field mouse must seek the aid of a colony of rats with whom she has a deeper link than she ever suspected.
229,The Fly,David Cronenberg,A brilliant but eccentric scientist begins to transform into a giant man/fly hybrid after one of his experiments goes horribly wrong.
230,Lethal Weapon,Richard Donner,Two newly paired cops who are complete opposites must put aside their differences in order to catch a gang of drug smugglers.
231,Planes Trains & Automobiles,John Hughes,A man must struggle to travel home for Thanksgiving with a lovable oaf of a shower curtain ring salesman as his only companion.
232,Dangerous Liaisons,Stephen Frears,A scheming widow and her manipulative ex-lover make a bet regarding the corruption of a recently married woman.
233,The Naked Gun: From the Files of Police Squad!,David Zucker,Incompetent police Detective Frank Drebin must foil an attempt to assassinate
234,The Abyss,James Cameron,A civilian diving team is enlisted to search for a lost nuclear submarine and face danger while encountering an alien aquatic species.
235,National Lampoon's Christmas Vacation,Jeremiah S. Chechik,The Griswold family's plans for a big family Christmas predictably turn into a big disaster.
236,When Harry Met Sally...,Rob Reiner,Harry and Sally have known each other for years and are very good friends but they fear sex would ruin the friendship.
237,Home Alone,Chris Columbus,An eight-year-old troublemaker must protect his house from a pair of burglars when he is accidentally left home alone by his family during Christmas vacation.
238,Chaplin,Richard Attenborough,A film about the troubled and controversial life of the master comedy filmmaker
239,My Cousin Vinny,Jonathan Lynn,Two New Yorkers accused of murder in rural Alabama while on their way back to college call in the help of one of their cousins a loudmouth lawyer with no trial experience.
240,Dazed and Confused,Richard Linklater,The adventures of high school and junior high students on the last day of school in May 1976.
241,A Perfect World,Clint Eastwood,"Kidnapped boy Phillip Perry (T.J. Lowther) strikes up a friendship with his captor Butch Haynes (Kevin Costner): an escaped convict on the run from the law while the search is headed up by honorable Texas Ranger ""Red"" Garrett (Clint Eastwood)."
242,The Crow,Alex Proyas,A man brutally murdered comes back to life as an undead avenger of his and his fianc√©e's murder.
243,Apollo 13,Ron Howard,NASA must devise a strategy to return Apollo 13 to Earth safely after the spacecraft undergoes massive internal damage putting the lives of the three astronauts on board in jeopardy.
244,The Bridges of Madison County,Clint Eastwood,Photographer Robert Kincaid (
245,Lost Highway,David Lynch,After a bizarre encounter at a party with a stranger a jazz saxophonist is framed for the murder of his wife and sent to prison where he inexplicably morphs into a young mechanic gets released and begins leading a new life.
246,Sleepers,Barry Levinson,After a prank goes disastrously wrong a group of boys are sent to a detention center where they are brutalized. Thirteen years later an unexpected random encounter with a former guard gives them a chance for revenge.
247,Star Trek: First Contact,Jonathan Frakes,The Borg travel back in time intent on preventing Earth's first contact with an alien species. Captain Picard and his crew pursue them to ensure that Zefram Cochrane makes his maiden flight reaching warp speed.
248,Dark City,Alex Proyas,A man struggles with memories of his past which includes a wife he cannot remember and a nightmarish world no one else seems to be waking up from.
249,Fear and Loathing in Las Vegas,Terry Gilliam,An oddball journalist and his psychopathic lawyer travel to Las Vegas for a series of psychedelic escapades.
250,The Hurricane,Norman Jewison,"The story of Rubin ""Hurricane"" Carter a boxer wrongly imprisoned for murder and the people who aided in his fight to prove his innocence."
251,Blow,Ted Demme,The story of how
252,The Others,Alejandro Amen√°bar,A woman who lives in her darkened old family house with her two photosensitive children becomes convinced that the home is haunted.
253,Harry Potter and the Sorcerer's Stone,Chris Columbus,An orphaned boy enrolls in a school of wizardry where he learns the truth about himself his family and the terrible evil that haunts the magical world.
254,Bloody Sunday,Paul Greengrass,A dramatization of the Irish civil rights protest march and subsequent massacre by British troops on January 30 1972.
255,The Butterfly Effect,Eric Bress J. Mackye Gruber,Evan Treborn suffers blackouts during significant events of his life. As he grows up he finds a way to remember these lost memories and a supernatural way to alter his life by reading his journal.
256,25th Hour,Spike Lee,Cornered by the DEA convicted New York drug dealer Montgomery Brogan reevaluates his life in the 24 remaining hours before facing a seven-year jail term.
257,Vera Drake,Mike Leigh,Abortionist Vera Drake finds her beliefs and practices clash with the mores of 1950s Britain--a conflict that leads to tragedy for her family.
258,Saw,James Wan,Two strangers who awaken in a room with no recollection of how they got there soon discover they're pawns in a deadly game perpetrated by a notorious serial killer.
259,Watchmen,Zack Snyder,In 1985 where former superheroes exist the murder of a colleague sends active vigilante Rorschach into his own sprawling investigation uncovering something that could completely change the course of history as we know it.
260,Match Point,Woody Allen,At a turning point in his life a former tennis pro falls for an actress who happens to be dating his friend and soon-to-be brother-in-law.
261,300,Zack Snyder,King Leonidas of Sparta and a force of 300 men fight the Persians at Thermopylae in 480 B.C.
262,Harry Potter and the Half-Blood Prince,David Yates,As Harry Potter (
263,Dead Man's Shoes,Shane Meadows,A disaffected soldier returns to his hometown to get even with the thugs who brutalized his mentally-challenged brother years ago.
264,Thank You for Smoking,Jason Reitman,Satirical comedy follows the machinations of Big Tobacco's chief spokesman Nick Naylor who spins on behalf of cigarettes while trying to remain a role model for his twelve-year-old son.
265,The Illusionist,Neil Burger,In turn-of-the-century Vienna a magician uses his abilities to secure the love of a woman far above his social standing.
266,Gone Baby Gone,Ben Affleck,Two Boston area detectives investigate a little girl's kidnapping which ultimately turns into a crisis both professionally and personally.
267,Stardust,Matthew Vaughn,In a countryside town bordering on a magical land a young man makes a promise to his beloved that he'll retrieve a fallen star by venturing into the magical realm.
268,Superbad,Greg Mottola,Two co-dependent high school seniors are forced to deal with separation anxiety after their plan to stage a booze-soaked party goes awry.
269,The Blind Side,John Lee Hancock,The story of Michael Oher a homeless and traumatized boy who became an All-American football player and first-round NFL draft pick with the help of a caring woman and her family.
270,Zombieland,Ruben Fleischer,A shy student trying to reach his family in Ohio a gun-toting tough guy trying to find the last Twinkie and a pair of sisters trying to get to an amusement park join forces to travel across a zombie-filled America.
271,Moneyball,Bennett Miller,Oakland A's general manager Billy Beane's successful attempt to assemble a baseball team on a lean budget by employing computer-generated analysis to acquire new players.
272,Kick-Ass,Matthew Vaughn,Dave Lizewski is an unnoticed high school student and comic book fan who one day decides to become a superhero even though he has no powers training or meaningful reason to do so.
273,50/50,Jonathan Levine,Inspired by a true story a comedy centered on a 27-year-old guy who learns of his cancer diagnosis and his subsequent struggle to beat the disease.
274,Despicable Me,Pierre Coffin Chris Renaud,When a criminal mastermind uses a trio of orphan girls as pawns for a grand scheme he finds their love is profoundly changing him for the better.
275,True Grit,Ethan Coen Joel Coen,A stubborn teenager enlists the help of a tough U.S. Marshal to track down her father's murderer.
276,The Greatest Showman,Michael Gracey,Celebrates the birth of show business and tells of a visionary who rose from nothing to create a spectacle that became a worldwide sensation.
277,Les Mis√©rables,Tom Hooper,In 19th-century France Jean Valjean who for decades has been hunted by the ruthless policeman Javert after breaking parole agrees to care for a factory worker's daughter. The decision changes their lives forever.
278,Weekend,Andrew Haigh,After a drunken house party with his straight mates Russell heads out to a gay club. Just before closing time he picks up Glen but what's expected to be just a one-night stand becomes something else something special.
279,Philomena,Stephen Frears,A world-weary political journalist picks up the story of a woman's search for her son who was taken away from her decades ago after she became pregnant and was forced to live in a convent.
280,Hell or High Water,David Mackenzie,A divorced father and his ex-con older brother resort to a desperate scheme in order to save their family's ranch in West Texas.
281,Moana,Ron Clements John Musker,In Ancient Polynesia when a terrible curse incurred by the Demigod Maui reaches Moana's island she answers the Ocean's call to seek out the Demigod to set things right.
282,Incredibles 2,Brad Bird,The Incredibles hero family takes on a new mission which involves a change in family roles: Bob Parr (Mr Incredible) must manage the house while his wife Helen (Elastigirl) goes out to save the world.
283,Maudie,Aisling Walsh,An arthritic Nova Scotia woman works as a housekeeper while she hones her skills as an artist and eventually becomes a beloved figure in the community.
284,Only the Brave,Joseph Kosinski,Based on the true story of the Granite Mountain Hotshots a group of elite firefighters who risk everything to protect a town from a historic wildfire.
285,Guardians of the Galaxy Vol. 2,James Gunn,The Guardians struggle to keep together as a team while dealing with their personal family issues notably Star-Lord's encounter with his father the ambitious celestial being Ego.
286,Mr. Church,Bruce Beresford,"""Mr. Church"" tells the story of a unique friendship that develops when a little girl and her dying mother retain the services of a talented cook - Henry Joseph Church. What begins as a six month arrangement instead spans into fifteen years."
287,The Peanut Butter Falcon,Tyler Nilson Michael Schwartz,Zak runs away from his care home to make his dream of becoming a wrestler come true.
288,Gifted,Marc Webb,Frank a single man raising his child prodigy niece Mary is drawn into a custody battle with his mother.
289,Just Mercy,Destin Daniel Cretton,World-renowned civil rights defense attorney
290,Searching,Aneesh Chaganty,After his 16-year-old daughter goes missing a desperate father breaks into her laptop to look for clues to find her.
291,It's a Mad Mad Mad Mad World,Stanley Kramer,A group of motorists hear about a crook's hidden stash of loot and race against each other across the country to get to it.
292,High Plains Drifter,Clint Eastwood,A gun-fighting stranger comes to the small settlement of Lago and is hired to bring the townsfolk together in an attempt to hold off three outlaws who are on their way.
293,The Wicker Man,Robin Hardy,A puritan Police Sergeant arrives in a Scottish island village in search of a missing girl who the locals claim never existed.
294,The Texas Chain Saw Massacre,Tobe Hooper,Two siblings and three of their friends en route to visit their grandfather's grave in Texas end up falling victim to a family of cannibalistic psychopaths and must survive the terrors of Leatherface and his family.
295,An American Werewolf in London,John Landis,Two American college students on a walking tour of Britain are attacked by a werewolf that none of the locals will admit exists.
296,The Evil Dead,Sam Raimi,Five friends travel to a cabin in the woods where they unknowingly release flesh-possessing demons.
297,Trading Places,John Landis,A snobbish investor and a wily street con artist find their positions reversed as part of a bet by two callous millionaires.
298,The Natural,Barry Levinson,An middle-aged unknown comes seemingly out of nowhere to become a legendary baseball player with almost supernatural talent.
299,A Nightmare on Elm Street,Wes Craven,The monstrous spirit of a slain child murderer seeks revenge by invading the dreams of teenagers whose parents were responsible for his untimely death.
300,Hoosiers,David Anspaugh,A coach with a checkered past and a local drunk train a small town high school basketball team to become a top contender for the championship.
301,RoboCop,Paul Verhoeven,In a dystopic and crime-ridden Detroit a terminally wounded cop returns to the force as a powerful cyborg haunted by submerged memories.
302,Beetlejuice,Tim Burton,The spirits of a deceased couple are harassed by an unbearable family that has moved into their home and hire a malicious spirit to drive them out.
303,The Last Temptation of Christ,Martin Scorsese,The life of
304,Midnight Run,Martin Brest,An accountant is chased by bounty hunters the F.B.I. and the Mafia after jumping bail.
305,Jacob's Ladder,Adrian Lyne,Mourning his dead child a haunted Vietnam War veteran attempts to uncover his past while suffering from a severe case of dissociation. To do so he must decipher reality and life from his own dreams delusions and perceptions of death.
306,Total Recall,Paul Verhoeven,When a man goes for virtual vacation memories of the planet Mars an unexpected and harrowing series of events forces him to go to the planet for real - or is he?
307,The Fisher King,Terry Gilliam,A former radio DJ suicidally despondent because of a terrible mistake he made finds redemption in helping a deranged homeless man who was an unwitting victim of that mistake.
308,Thelma & Louise,Ridley Scott,Two best friends set out on an adventure but it soon turns around to a terrifying escape from being hunted by the police as these two girls escape for the crimes they committed.
309,The Player,Robert Altman,A Hollywood studio executive is being sent death threats by a writer whose script he rejected but which one?
310,Army of Darkness,Sam Raimi,A sardonic hardware store clerk is accidentally transported to 1300 A.D. where he must retrieve the Necronomicon and battle an army of the dead so he can return home.
311,Menace II Society,Albert Hughes Allen Hughes,A young street hustler attempts to escape the rigors and temptations of the ghetto in a quest for a better life.
312,Quiz Show,Robert Redford,A young lawyer Richard Goodwin investigates a potentially fixed game show. Charles Van Doren a big time show winner is under Goodwin's investigation.
313,Dead Man Walking,Tim Robbins,A nun while comforting a convicted killer on death row empathizes with both the killer and his victim's families.
314,Living in Oblivion,Tom DiCillo,This ultimate tribute to all independent filmmakers takes place during one day on the set of a non-budget movie.
315,A Time to Kill,Joel Schumacher,In Canton Mississippi a fearless young lawyer and his assistant defend a black man accused of murdering two white men who raped his ten-year-old daughter inciting violent retribution and revenge from the Ku Klux Klan.
316,Waiting for Guffman,Christopher Guest,An aspiring director and the marginally talented amateur cast of a hokey small-town Missouri musical production go overboard when they learn that someone from Broadway will be in attendance.
317,Buffalo '66,Vincent Gallo,After being released from prison Billy is set to visit his parents with his wife whom he does not actually have. This provokes Billy to act out as he kidnaps a girl and forces her to act as his wife for the visit.
318,Jackie Brown,Quentin Tarantino,A middle-aged woman finds herself in the middle of a huge conflict that will either make her a profit or cost her life.
319,The Sweet Hereafter,Atom Egoyan,A bus crash in a small town brings a lawyer to the town to defend the families but he discovers that everything is not what it seems.
320,A Simple Plan,Sam Raimi,Three blue-collar acquaintances come across millions of dollars in lost cash and make a plan to keep their find from the authorities but it isn't long before complications and mistrust weave their way into the plan.
321,Pleasantville,Gary Ross,Two 1990s teenage siblings find themselves in a 1950s sitcom where their influence begins to profoundly change that complacent world.
322,Star Wars: Episode III - Revenge of the Sith,George Lucas,Three years into the Clone Wars the Jedi rescue Palpatine from Count Dooku. As Obi-Wan pursues a new threat Anakin acts as a double agent between the Jedi Council and Palpatine and is lured into a sinister plan to rule the galaxy.
323,Following,Christopher Nolan,A young writer who follows strangers for material meets a thief who takes him under his wing.
324,Boys Don't Cry,Kimberly Peirce,A young man named Brandon Teena navigates love life and being transgender in rural Nebraska.
325,You Can Count on Me,Kenneth Lonergan,A single mother's life is thrown into turmoil after her struggling rarely seen younger brother returns to town.
326,Life as a House,Irwin Winkler,When a man is diagnosed with terminal cancer he takes custody of his misanthropic teenage son for whom quality time means getting high engaging in small-time prostitution and avoiding his father.
327,Ice Age,Chris Wedge Carlos Saldanha,Set during the Ice Age a sabertooth tiger a sloth and a wooly mammoth find a lost human infant and they try to return him to his tribe.
328,The Hours,Stephen Daldry,"The story of how the novel ""Mrs. Dalloway"" affects three generations of women all of whom in one way or another have had to deal with suicide in their lives."
329,My Life Without Me,Isabel Coixet,A young woman conceals the fact of her terminal cancer to live her life with a passion she never had before.
330,Secondhand Lions,Tim McCanlies,A coming-of-age story about a shy young boy sent by his irresponsible mother to spend the summer with his wealthy eccentric uncles in Texas.
331,The Aviator,Martin Scorsese,A biopic depicting the early years of legendary Director and aviator
332,Miracle,Gavin O'Connor,The true story of Herb Brooks the player-turned-coach who led the 1980 U.S. Olympic hockey team to victory over the seemingly invincible Soviet squad.
333,Kiss Kiss Bang Bang,Shane Black,A murder mystery brings together a private eye a struggling actress and a thief masquerading as an actor.
334,Harry Potter and the Order of the Phoenix,David Yates,With their warning about Lord Voldemort's (Ralph Fiennes') return scoffed at Harry (Daniel Radcliffe) and Dumbledore (Sir Michael Gambon) are targeted by the Wizard authorities as an authoritarian bureaucrat slowly seizes power at Hogwarts.
335,Perfume: The Story of a Murderer,Tom Tykwer,Jean-Baptiste Grenouille born with a superior olfactory sense creates the world's finest perfume. His work however takes a dark turn as he searches for the ultimate scent.
336,Little Children,Todd Field,The lives of two lovelorn spouses from separate marriages a registered sex offender and a disgraced ex-police officer intersect as they struggle to resist their vulnerabilities and temptations in suburban Massachusetts.
337,Stranger Than Fiction,Marc Forster,I.R.S. auditor Harold Crick suddenly finds himself the subject of narration only he can hear: narration that begins to affect his entire life from his work to his love-interest to his death.
338,August Rush,Kirsten Sheridan,An orphaned musical prodigy uses his gift to try to find his birth parents.
339,The Great Debaters,Denzel Washington,A drama based on the true story of Melvin B. Tolson a professor at Wiley College Texas. In 1935 he inspired students to form the school's first debate team which went on to challenge Harvard in the national championship.
340,Kung Fu Panda,Mark Osborne John Stevenson,The Dragon Warrior has to clash against the savage Tai Lung as China's fate hangs in the balance. However the Dragon Warrior mantle is supposedly mistaken to be bestowed upon an obese panda who is a novice in martial arts.
341,Scott Pilgrim vs. the World,Edgar Wright,Scott Pilgrim must defeat his new girlfriend's seven evil exes in order to win her heart.
342,Snow Cake,Marc Evans,A drama focused on the friendship between a high-functioning autistic woman and a man who is traumatized after a fatal car accident.
343,42,Brian Helgeland,In 1947
344,Away from Her,Sarah Polley,A man coping with the institutionalization of his wife because of Alzheimer's disease faces an epiphany when she transfers her affections to another man Aubrey a wheelchair-bound mute who also is a patient at the nursing home.
345,The Town,Ben Affleck,A longtime thief planning his next job tries to balance his feelings for a bank manager connected to an earlier heist and a hell-bent F.B.I Agent looking to bring him and his crew down.
346,Doubt,John Patrick Shanley,A Catholic school principal questions a priest's ambiguous relationship with a troubled young student.
347,Source Code,Duncan Jones,A soldier wakes up in someone else's body and discovers he's part of an experimental government program to find the bomber of a commuter train within 8 minutes.
348,Hugo,Martin Scorsese,In 1931 Paris an orphan living in the walls of a train station gets wrapped up in a mystery involving his late father and an automaton.
349,Milk,Gus Van Sant,The story of
350,Selma,Ava DuVernay,A chronicle of Dr.
351,Doctor Strange,Scott Derrickson,While on a journey of physical and spiritual healing a brilliant neurosurgeon is drawn into the world of the mystic arts.
352,The Damned United,Tom Hooper,The story of the controversial
353,We Need to Talk About Kevin,Lynne Ramsay,Kevin's mother struggles to love her strange child despite the increasingly dangerous things he says and does as he grows up. But Kevin is just getting started and his final act will be beyond anything anyone imagined.
354,Disconnect,Henry Alex Rubin,A drama centered on a group of people searching for human connections in today's wired world.
355,Ready Player One,Steven Spielberg,When the creator of a virtual reality called the OASIS dies he makes a posthumous challenge to all OASIS users to find his Easter Egg which will give the finder his fortune and control of his world.
356,Rudderless,William H. Macy,A grieving father in a downward spiral stumbles across a box of his recently deceased son's demo tapes and lyrics. Shocked by the discovery of this unknown talent he forms a band in the hope of finding some catharsis.
357,The Hunger Games: Catching Fire,Francis Lawrence,Katniss Everdeen and Peeta Mellark become targets of the Capitol after their victory in the 74th Hunger Games sparks a rebellion in the Districts of Panem.
358,Inside Llewyn Davis,Ethan Coen Joel Coen,A week in the life of a young singer as he navigates the Greenwich Village folk scene of 1961.
359,Saving Mr. Banks,John Lee Hancock,Author
360,How to Train Your Dragon: The Hidden World,Dean DeBlois,"When Hiccup discovers Toothless isn't the only Night Fury he must seek ""The Hidden World"" a secret Dragon Utopia before a hired tyrant named Grimmel finds it first."
361,Trumbo,Jay Roach,In 1947
362,Still Alice,Richard Glatzer Wash Westmoreland,A linguistics professor and her family find their bonds tested when she is diagnosed with Alzheimer's Disease.
363,A Monster Calls,J.A. Bayona,A boy seeks the help of a tree monster to cope with his single mother's terminal illness.
364,Richard Jewell,Clint Eastwood,American security guard
365,Miss Sloane,John Madden,In the high-stakes world of political power-brokers Elizabeth Sloane is the most sought after and formidable lobbyist in D.C. But when taking on the most powerful opponent of her career she finds winning may come at too high a price.
366,Nocturnal Animals,Tom Ford,A wealthy art gallery owner is haunted by her ex-husband's novel a violent thriller she interprets as a symbolic revenge tale.
367,The Favourite,Yorgos Lanthimos,In early 18th century England a frail Queen Anne occupies the throne and her close friend Lady Sarah governs the country in her stead. When a new servant Abigail arrives her charm endears her to Sarah.
368,I Tonya,Craig Gillespie,Competitive ice skater
369,Upgrade,Leigh Whannell,Set in the near-future technology controls nearly all aspects of life. But when the world of Grey a self-labeled technophobe is turned upside down his only hope for revenge is an experimental computer chip implant.
370,A Dog's Journey,Gail Mancuso,A dog finds the meaning of his own existence through the lives of the humans he meets.
371,Pinocchio,Norman Ferguson T. Hee,A living puppet with the help of a cricket as his conscience must prove himself worthy to become a real boy.
372,Bullitt,Peter Yates,An all guts no glory San Francisco cop becomes determined to find the underworld kingpin that killed the witness in his protection.
373,Funny Girl,William Wyler,The life of
374,American Graffiti,George Lucas,A couple of high school grads spend one final night cruising the strip with their buddies before they go off to college.
375,The Rocky Horror Picture Show,Jim Sharman,A newly-engaged couple have a breakdown in an isolated area and must seek shelter at the bizarre residence of Dr. Frank-n-Furter.
376,Carrie,Brian De Palma,Carrie White a shy friendless teenage girl who is sheltered by her domineering religious mother unleashes her telekinetic powers after being humiliated by her classmates at her senior prom.
377,Interiors,Woody Allen,Three sisters find their lives spinning out of control in the wake of their parents' sudden unexpected divorce.
378,The China Syndrome,James Bridges,A reporter finds what appears to be a cover-up of safety hazards at a nuclear power plant.
379,Blow Out,Brian De Palma,A movie sound recordist accidentally records the evidence that proves that a car accident was actually murder and consequently finds himself in danger.
380,Excalibur,John Boorman,Merlin the magician helps Arthur Pendragon unite the Britons around the Round Table of Camelot even as dark forces conspire to tear it apart.
381,Gallipoli,Peter Weir,Two Australian sprinters face the brutal realities of war when they are sent to fight in the Gallipoli campaign in Turkey during World War I.
382,Thief,Michael Mann,Coming closer to his dream of leading a normal life a professional safecracker agrees to do a job for the Mafia who has other plans for him.
383,Tootsie,Sydney Pollack,Michael Dorsey an unsuccessful actor disguises himself as a woman in order to get a role on a trashy hospital soap.
384,National Lampoon's Vacation,Harold Ramis,The Griswold family's cross-country drive to the Walley World theme park proves to be much more arduous than they ever anticipated.
385,Terms of Endearment,James L. Brooks,Follows hard-to-please Aurora looking for love and her daughter's family problems.
386,Die unendliche Geschichte,Wolfgang Petersen,A troubled boy dives into a wondrous fantasy world through the pages of a mysterious book.
387,Labyrinth,Jim Henson,Sixteen-year-old Sarah is given thirteen hours to solve a labyrinth and rescue her baby brother Toby when her wish for him to be taken away is granted by the Goblin King Jareth.
388,Cry Freedom,Richard Attenborough,South African journalist Donald Woods is forced to flee the country after attempting to investigate the death in custody of his friend the black activist Steve Biko.
389,Wall Street,Oliver Stone,A young and impatient stockbroker is willing to do anything to get to the top including trading on illegal inside information taken through a ruthless and greedy corporate raider who takes the youth under his wing.
390,The Land Before Time,Don Bluth,An orphaned brontosaurus teams up with other young dinosaurs in order to reunite with their families in a valley.
391,Back to the Future Part III,Robert Zemeckis,Stranded in 1955 Marty McFly learns about the death of Doc Brown in 1885 and must travel back in time to save him. With no fuel readily available for the DeLorean the two must figure how to escape the Old West before Emmett is murdered.
392,Searching for Bobby Fischer,Steven Zaillian,A prepubescent chess prodigy refuses to harden himself in order to become a champion like the famous but unlikable Bobby Fischer.
393,Nobody's Fool,Robert Benton,A stubborn man past his prime reflects on his life of strict independence and seeks more from himself.
394,Smoke,Wayne Wang,A Brooklyn smoke shop is the center of neighborhood activity and the stories of its customers.
395,Welcome to the Dollhouse,Todd Solondz,An awkward seventh-grader struggles to cope with inattentive parents snobbish class-mates a smart older brother an attractive younger sister and her own insecurities in suburban New Jersey.
396,The Rock,Michael Bay,A mild-mannered chemist and an ex-con must lead the counterstrike when a rogue group of military men led by a renegade general threaten a nerve gas attack from Alcatraz against San Francisco.
397,The Ice Storm,Ang Lee,In suburban New Canaan Connecticut 1973 middle class families experimenting with casual sex and substance abuse find their lives beyond their control.
398,Eyes Wide Shut,Stanley Kubrick,A New York City doctor embarks on a harrowing night-long odyssey of sexual and moral discovery after his wife reveals a painful secret to him.
399,X-Men,Bryan Singer,In a world where mutants (evolved super-powered humans) exist and are discriminated against two groups form for an inevitable clash: the supremacist Brotherhood and the pacifist X-Men.
400,The Cider House Rules,Lasse Hallstr√∂m,A compassionate young man raised in an orphanage and trained to be a doctor there decides to leave to see the world.
401,Man on the Moon,Milos Forman,The life and career of legendary comedian
402,Best in Show,Christopher Guest,A colorful array of characters compete at a national dog show.
403,Equilibrium,Kurt Wimmer,In an oppressive future where all forms of feeling are illegal a man in charge of enforcing the law rises to overthrow the system and state.
404,K-PAX,Iain Softley,PROT is a patient at a mental hospital who claims to be from a faraway planet named K-PAX. His psychiatrist tries to help him only to begin to doubt his own explanations.
405,A Walk to Remember,Adam Shankman,The story of two North Carolina teens Landon Carter and Jamie Sullivan who are thrown together after Landon gets into trouble and is made to do community service.
406,Harry Potter and the Chamber of Secrets,Chris Columbus,An ancient prophecy seems to be coming true when a mysterious presence begins stalking the corridors of a school of magic and leaving its victims paralyzed.
407,The Curse of the Were-Rabbit,Steve Box Nick Park,Wallace and his loyal dog Gromit set out to discover the mystery behind the garden sabotage that plagues their village and threatens the annual giant vegetable growing contest.
408,Open Range,Kevin Costner,A former gunslinger is forced to take up arms again when he and his cattle crew are threatened by a corrupt lawman.
409,Modigliani,Mick Davis,The story of Amedeo Modigliani's bitter rivalry with Pablo Picasso and his tragic romance with Jeanne Hebuterne.
410,The Greatest Game Ever Played,Bill Paxton,In the 1913 US Open 20-year-old Francis Ouimet played golf against his idol 1900 US Open champion Englishman Harry Vardon.
411,A History of Violence,David Cronenberg,A mild-mannered man becomes a local hero through an act of violence which sets off repercussions that will shake his family to its very core in this action thriller.
412,Good Night and Good Luck.,George Clooney,Broadcast journalist
413,Reign Over Me,Mike Binder,A man who lost his family in the September 11 attack on New York City runs into his old college roommate. Rekindling the friendship is the one thing that appears able to help the man recover from his grief.
414,Death at a Funeral,Frank Oz,Chaos ensues when a man tries to expose a dark secret regarding a recently deceased patriarch of a dysfunctional British family.
415,The Bucket List,Rob Reiner,Two terminally ill men escape from a cancer ward and head off on a road trip with a wish list of to-dos before they die.
416,Love & Mercy,Bill Pohlad,In the 60s Beach Boys leader
417,My Sister's Keeper,Nick Cassavetes,Anna Fitzgerald looks to earn medical emancipation from her parents who until now have relied on their youngest child to help their leukemia-stricken daughter Kate remain alive.
418,Blue Valentine,Derek Cianfrance,The relationship of a contemporary married couple charting their evolution over a span of years by cross-cutting between time periods.
419,The Boat That Rocked,Richard Curtis,A band of rogue DJs that captivated Britain playing the music that defined a generation and standing up to a government that wanted classical music and nothing else on the airwaves.
420,City Island,Raymond De Felitta,Prison guard Vince tells Molly from acting class that one inmate is his 24 y.o. love child. Vince takes him home to stay with his family - straight A son with fat girl fetish college dropout/stripper daughter and cute wife.
421,Black Dynamite,Scott Sanders,Black Dynamite is the greatest African-American action star of the 1970s. When his only brother is killed by The Man it's up to him to find justice.
422,Up in the Air,Jason Reitman,Ryan Bingham enjoys living out of a suitcase for his job travelling around the country firing people but finds that lifestyle threatened by the presence of a potential love interest and a new hire.
423,Law Abiding Citizen,F. Gary Gray,A frustrated man decides to take justice into his own hands after a plea bargain sets one of his family's killers free.
424,In the Loop,Armando Iannucci,A political satire about a group of skeptical American and British operatives attempting to prevent a war between two countries.
425,The Next Three Days,Paul Haggis,A married couple's life is turned upside down when the wife is accused of a murder.
426,Crazy Stupid Love.,Glenn Ficarra John Requa,A middle-aged husband's life changes dramatically when his wife asks him for a divorce. He seeks to rediscover his manhood with the help of a newfound friend Jacob learning to pick up girls at bars.
427,Take Shelter,Jeff Nichols,Plagued by a series of apocalyptic visions a young husband and father questions whether to shelter his family from a coming storm or from himself.
428,The Way Way Back,Nat Faxon Jim Rash,Shy 14-year-old Duncan goes on summer vacation with his mother her overbearing boyfriend and her boyfriend's daughter. Having a rough time fitting in Duncan finds an unexpected friend in Owen manager of the Water Wizz water park.
429,Southpaw,Antoine Fuqua,A champion boxer fights to get his daughter back from child protective services as well as revive his professional career after a fatal incident sends him on a rampant path of destruction.
430,Little Boy,Alejandro Monteverde,An eight-year-old boy is willing to do whatever it takes to end World War II so he can bring his father home. The story reveals the indescribable love a father has for his little boy and the love a son has for his father.
431,The Judge,David Dobkin,Big-city lawyer Hank Palmer returns to his childhood home where his father the town's judge is suspected of murder. Hank sets out to discover the truth and along the way reconnects with his estranged family.
432,What Maisie Knew,Scott McGehee David Siegel,In New York City a young girl is caught in the middle of her parents' bitter custody battle.
433,Mud,Jeff Nichols,Two young boys encounter a fugitive and form a pact to help him evade the vigilantes that are on his trail and to reunite him with his true love.
434,Begin Again,John Carney,A chance encounter between a down-and-out music-business executive and a young singer-songwriter new to Manhattan turns into a promising collaboration between the two talents.
435,The Hobbit: The Battle of the Five Armies,Peter Jackson,Bilbo and company are forced to engage in a war against an array of combatants and keep the Lonely Mountain from falling into the hands of a rising darkness.
436,The Good Lie,Philippe Falardeau,A group of Sudanese refugees given the chance to resettle in the U.S. arrive in Kansas City Missouri where their encounter with an employment agency counselor forever changes all of their lives.
437,The Jungle Book,Jon Favreau,After a threat from the tiger Shere Khan forces him to flee the jungle a man-cub named Mowgli embarks on a journey of self discovery with the help of panther Bagheera and free-spirited bear Baloo.
438,Sully,Clint Eastwood,"The story of Chesley ""Sully"" Sullenberger ("
439,The Disaster Artist,James Franco,When
440,A Street Cat Named Bob,Roger Spottiswoode,Based on the international best selling book. The true feel good story of how James Bowen a busker and recovering drug addict had his life transformed when he met a stray ginger cat.
441,Molly's Game,Aaron Sorkin,The true story of Molly Bloom an Olympic-class skier who ran the world's most exclusive high-stakes poker game and became an FBI target.
442,Queen of Katwe,Mira Nair,A Ugandan girl sees her world rapidly change after being introduced to the game of chess.
443,Good Time,Benny Safdie Josh Safdie,After a botched bank robbery lands his younger brother in prison Connie Nikas embarks on a twisted odyssey through New York City's underworld to get his brother Nick out of jail.
444,Moonlight,Barry Jenkins,A young African-American man grapples with his identity and sexuality while experiencing the everyday struggles of childhood adolescence and burgeoning adulthood.
445,The Hate U Give,George Tillman Jr.,Starr witnesses the fatal shooting of her childhood best friend Khalil at the hands of a police officer. Now facing pressure from all sides of the community Starr must find her voice and stand up for what's right.
446,Doctor Sleep,Mike Flanagan,Years following the events of
447,Mid90s,Jonah Hill,Follows Stevie a thirteen-year-old in 1990s-era Los Angeles who spends his summer navigating between his troubled home life and a group of new friends that he meets at a Motor Avenue skate shop.
448,Downton Abbey,Michael Engler,The continuing story of the Crawley family wealthy owners of a large estate in the English countryside in the early twentieth century.
449,Eighth Grade,Bo Burnham,An introverted teenage girl tries to survive the last week of her disastrous eighth grade year before leaving to start high school.
450,Cinderella,Clyde Geronimi Wilfred Jackson,When Cinderella's cruel stepmother prevents her from attending the Royal Ball she gets some unexpected help from the lovable mice Gus and Jaq and from her Fairy Godmother.
451,Lady and the Tramp,Clyde Geronimi Wilfred Jackson,The romantic tale of a sheltered uptown Cocker Spaniel dog and a streetwise downtown Mutt.
452,Alice Doesn't Live Here Anymore,Martin Scorsese,A recently widowed woman is on the road with her precocious young son determined to make a new life for herself as a singer.
453,Coming Home,Hal Ashby,A woman whose husband is fighting in Vietnam falls in love with another man who suffered a paralyzing combat injury there.
454,Superman,Richard Donner,An alien orphan is sent from his dying planet to Earth where he grows up to become his adoptive home's first and greatest superhero.
455,Tess,Roman Polanski,A strong-willed young peasant girl attracts the affection of two men.
456,Caddyshack,Harold Ramis,An exclusive golf course has to deal with a brash new member and a destructive dancing gopher.
457,The Fox and the Hound,Ted Berman Richard Rich,A little fox named Tod and Copper a hound puppy vow to be best buddies forever. But as Copper grows into a hunting dog their unlikely friendship faces the ultimate test.
458,Poltergeist,Tobe Hooper,A family's home is haunted by a host of demonic ghosts.
459,Beverly Hills Cop,Martin Brest,A freewheeling Detroit cop pursuing a murder investigation finds himself dealing with the very different culture of Beverly Hills.
460,Birdy,Alan Parker,After two friends return home from the Vietnam War one becomes mentally unstable and obsesses with becoming a bird.
461,Pale Rider,Clint Eastwood,A mysterious preacher (
462,The Return of the Living Dead,Dan O'Bannon,When two bumbling employees at a medical supply warehouse accidentally release a deadly gas into the air the vapors cause the dead to rise again as zombies.
463,Good Morning Vietnam,Barry Levinson,In 1965 an unorthodox and irreverent DJ named
464,Raising Arizona,Joel Coen Ethan Coen,When a childless couple of an ex-con and an ex-cop decide to help themselves to one of another family's quintuplets their lives become more complicated than they anticipated.
465,Dead Ringers,David Cronenberg,Twin gynecologists take full advantage of the fact that nobody can tell them apart until their relationship begins to deteriorate over a woman.
466,Talk Radio,Oliver Stone,A rude contemptuous talk show host becomes overwhelmed by the hatred that surrounds his program just before it goes national.
467,They Live,John Carpenter,A drifter discovers a pair of sunglasses that allow him to wake up to the fact that aliens have taken over the Earth.
468,The Unbearable Lightness of Being,Philip Kaufman,In 1968 a Czech doctor with an active sex life meets a woman who wants monogamy and then the Soviet invasion further disrupts their lives.
469,Willow,Ron Howard,A young farmer is chosen to undertake a perilous journey in order to protect a special baby from an evil queen.
470,Drugstore Cowboy,Gus Van Sant,A pharmacy-robbing dope fiend and his crew pop pills and evade the law.
471,Steel Magnolias,Herbert Ross,A young beautician newly arrived in a small Louisiana town finds work at the local salon where a small group of women share a close bond of friendship and welcome her into the fold.
472,Cape Fear,Martin Scorsese,A convicted rapist released from prison after serving a fourteen-year sentence stalks the family of the lawyer who originally defended him.
473,Point Break,Kathryn Bigelow,An F.B.I. Agent goes undercover to catch a gang of surfers who may be bank robbers.
474,A League of Their Own,Penny Marshall,Two sisters join the first female professional baseball league and struggle to help it succeed amidst their own growing rivalry.
475,Twin Peaks: Fire Walk with Me,David Lynch,Laura Palmer's harrowing final days are chronicled one year after the murder of Teresa Banks a resident of Twin Peaks' neighboring town.
476,The Secret Garden,Agnieszka Holland,A young recently-orphaned girl is sent to England after living in India all of her life. Once there she begins to explore her new seemingly-isolated surroundings and its secrets.
477,Death and the Maiden,Roman Polanski,A political activist is convinced that her guest is a man who once tortured her for the government.
478,Shallow Grave,Danny Boyle,Three friends discover their new flatmate dead but loaded with cash.
479,The Basketball Diaries,Scott Kalvert,A teenager finds his dreams of becoming a basketball star threatened after he free falls into the harrowing world of drug addiction.
480,Crimson Tide,Tony Scott,On a U.S. nuclear missile sub a young First Officer stages a mutiny to prevent his trigger happy Captain from launching his missiles before confirming his orders to do so.
481,Friday,F. Gary Gray,Two homies Smokey and Craig Jones smoke a dope dealer's weed and try to figure a way to get the two hundred dollars they owe to the dealer by 10 p.m. that same night.
482,The People vs. Larry Flynt,Milos Forman,The story of a controversial pornography publisher and how he became a defender of free speech.
483,Grosse Pointe Blank,George Armitage,Martin Blank is a professional assassin. He is sent on a mission to a small Detroit suburb Grosse Pointe and by coincidence his ten-year high school reunion party is taking place there at the same time.
484,Dogma,Kevin Smith,An abortion clinic worker with a special heritage is called upon to save the existence of humanity from being negated by two renegade angels trying to exploit a loop-hole and reenter Heaven.
485,Enemy of the State,Tony Scott,A lawyer becomes targeted by a corrupt politician and his N.S.A. goons when he accidentally receives key evidence to a politically motivated crime.
486,The Negotiator,F. Gary Gray,In a desperate attempt to prove his innocence a skilled police negotiator accused of corruption and murder takes hostages in a government office to gain the time he needs to find the truth.
487,Tarzan,Chris Buck Kevin Lima,A man raised by gorillas must decide where he really belongs when he discovers he is a human.
488,The Emperor's New Groove,Mark Dindal,Emperor Kuzco is turned into a llama by his ex-administrator Yzma and must now regain his throne with the help of Pacha the gentle llama herder.
489,Corpse Bride,Tim Burton Mike Johnson,When a shy groom practices his wedding vows in the inadvertent presence of a deceased young woman she rises from the grave assuming he has married her.
490,Spider-Man,Sam Raimi,When bitten by a genetically modified spider a nerdy shy and awkward high school student gains spider-like abilities that he eventually must use to fight evil as a superhero after tragedy befalls his family.
491,Angela's Ashes,Alan Parker,Based on the best-selling autobiography by Irish expatriate Frank McCourt Angela's Ashes follows the experiences of young Frankie and his family as they try against all odds to escape the ...
492,Ghost World,Terry Zwigoff,With only the plan of moving in together after high school two unusually devious friends seek direction in life. As a mere gag they respond to a man's newspaper ad for a date only to find it will greatly complicate their lives.
493,Girl Interrupted,James Mangold,Based on writer Susanna Kaysen's account of her 18-month stay at a mental hospital in the late 1960s.
494,Galaxy Quest,Dean Parisot,The alumni cast of a space opera television series have to play their roles as the real thing when an alien race needs their help. However they also have to defend both Earth and the alien race from a reptilian warlord.
495,Frequency,Gregory Hoblit,An accidental cross-time radio link connects father and son across 30 years. The son tries to save his father's life but then must fix the consequences.
496,Erin Brockovich,Steven Soderbergh,An unemployed single mother becomes a legal assistant and almost single-handedly brings down a California power company accused of polluting a city's water supply.
497,Unbreakable,M. Night Shyamalan,A man learns something extraordinary about himself after a devastating accident.
498,Punch-Drunk Love,Paul Thomas Anderson,A psychologically troubled novelty supplier is nudged towards a romance with an English woman all the while being extorted by a phone-sex line run by a crooked mattress salesman and purchasing stunning amounts of pudding.
499,Tape,Richard Linklater,Three old high school friends meet in a Michigan motel room to dissect painful memories from their past.
500,Before the Devil Knows You're Dead,Sidney Lumet,When two brothers organize the robbery of their parents' jewelry store the job goes horribly wrong triggering a series of events that sends them their father and one brother's wife hurtling towards a shattering climax.
