1,Kill Yourself (Part III),$uicideBoy$,.
2,Paris,$uicideBoy$,.
3,Bigger Than You (feat. Drake & Quavo),2 Chainz,.
4,It's A Vibe,2 Chainz,.
5,Momma I Hit A Lick (feat. Kendrick Lamar),2 Chainz,.
6,Rule The World (feat. Ariana Grande),2 Chainz,.
7,Whip (feat. Travis Scott),2 Chainz,.
8,1.5,21 Savage,.
9,a lot,21 Savage,.
10,all my friends,21 Savage,.
11,ball w/o you,21 Savage,.
12,Bank Account,21 Savage,.
13,can't leave without it,21 Savage,.
14,Ghostface Killers,21 Savage,.
15,monster,21 Savage,.
16,X (feat. Future),21 Savage,.
17,All Eyez On Me,2Pac,.
18,Ambitionz Az A Ridah,2Pac,.
19,Kryptonite,3 Doors Down,.
20,What's Up?,4 Non Blondes,.
21,Lie To Me (feat. Julia Michaels),5 Seconds of Summer,.
22,Youngblood,5 Seconds of Summer,.
23,Candy Shop,50 Cent,.
24,BEBE (feat. Anuel Aa),6ix9ine,.
25,BILLY,6ix9ine,.
26,FEFE (feat. Nicki Minaj Murda Beatz),6ix9ine,.
27,GOTTI,6ix9ine,.
28,KIKA (feat. Tory Lanez),6ix9ine,.
29,MALA (feat. Anuel Aa),6ix9ine,.
30,MAMA (feat. Nicki Minaj Kanye West),6ix9ine,.
31,STOOPID (feat. Bobby Shmurda),6ix9ine,.
32,TATI (feat. DJ SpinKing),6ix9ine,.
33,TIC TOC (feat. Lil Baby),6ix9ine,.
34,WAKA (feat. A Boogie Wit da Hoodie),6ix9ine,.
35,PRBLMS,6LACK,.
36,Pretty Little Fears (feat. J. Cole),6LACK,.
37,Come Closer (feat. Queen Naija),A Boogie Wit da Hoodie,.
38,Demons and Angels (feat. Juice WRLD),A Boogie Wit da Hoodie,.
39,Drowning (feat. Kodak Black),A Boogie Wit da Hoodie,.
40,Just Like Me (feat. Young Thug),A Boogie Wit da Hoodie,.
41,Look Back At It,A Boogie Wit da Hoodie,.
42,Love Drugs and Sex,A Boogie Wit da Hoodie,.
43,Skeezers,A Boogie Wit da Hoodie,.
44,Startender (feat. Offset and Tyga),A Boogie Wit da Hoodie,.
45,Swervin (feat. 6ix9ine),A Boogie Wit da Hoodie,.
46,Say Something,A Great Big World,.
47,Plain Jane,A$AP Ferg,.
48,F**kin' Problems (feat. Drake 2 Chainz & Kendrick Lamar),A$AP Rocky,.
49,L$D,A$AP Rocky,.
50,Praise The Lord (Da Shine) (feat. Skepta),A$AP Rocky,.
51,Sundress,A$AP Rocky,.
52,Back In Black,AC/DC,.
53,Highway to Hell,AC/DC,.
54,T.N.T.,AC/DC,.
55,Thunderstruck,AC/DC,.
56,You Shook Me All Night Long,AC/DC,.
57,Someone Like You,Adele,.
58,Dream On,Aerosmith,.
59,I Don't Want to Miss a Thing,Aerosmith,.
60,Take on Me,a-ha,.
61,Vas A Quedarte,Aitana,.
62,If We Have Each Other,Alec Benjamin,.
63,Let Me Down Slowly,Alec Benjamin,.
64,Let Me Down Slowly (feat. Alessia Cara),Alec Benjamin,.
65,Me DediquÃ© a Perderte,Alejandro Fernandez,.
66,RucÃ³n,Aleman,.
67,REMEDY,Alesso,.
68,Little Do You Know,Alex & Sierra,.
69,If I Ain't Got You,Alicia Keys,.
70,No One,Alicia Keys,.
71,Fading,Alle Farben,.
72,La Cintura,Alvaro Soler,.
73,Baby,Amenazzy,.
74,A Horse with No Name,America,.
75,Best Day Of My Life,American Authors,.
76,Caroline,AminÃ©,.
77,Invincible,AminÃ©,.
78,REEL IT IN,AminÃ©,.
79,REEL IT IN (feat. Gucci Mane) - Remix,AminÃ©,.
80,Back To Black,Amy Winehouse,.
81,Downtown,Anitta,.
82,Terremoto,Anitta,.
83,Veneno,Anitta,.
84,2002,Anne-Marie,.
85,Perfect To Me,Anne-Marie,.
86,Supernova,Ansel Elgort,.
87,Amanece,Anuel Aa,.
88,Ella Quiere Beber - Remix,Anuel Aa,.
89,Secreto,Anuel Aa,.
90,Do I Wanna Know?,Arctic Monkeys,.
91,R U Mine?,Arctic Monkeys,.
92,Why'd You Only Call Me When You're High?,Arctic Monkeys,.
93,Shea Butter Baby (with J. Cole),Ari Lennox,.
94,7 rings,Ariana Grande,.
95,bad idea,Ariana Grande,.
96,bloodline,Ariana Grande,.
97,Break Free,Ariana Grande,.
98,break up with your girlfriend i'm bored,Ariana Grande,.
99,breathin,Ariana Grande,.
100,Dangerous Woman,Ariana Grande,.
101,Everyday,Ariana Grande,.
102,everytime,Ariana Grande,.
103,fake smile,Ariana Grande,.
104,God is a woman,Ariana Grande,.
105,goodnight n go,Ariana Grande,.
106,imagine,Ariana Grande,.
107,in my head,Ariana Grande,.
108,Into You,Ariana Grande,.
109,Love Me Harder,Ariana Grande,.
110,make up,Ariana Grande,.
111,NASA,Ariana Grande,.
112,needy,Ariana Grande,.
113,no tears left to cry,Ariana Grande,.
114,One Last Time,Ariana Grande,.
115,Problem,Ariana Grande,.
116,R.E.M,Ariana Grande,.
117,Side To Side,Ariana Grande,.
118,sweetener,Ariana Grande,.
119,thank u next,Ariana Grande,.
120,Like a Stone,Audioslave,.
121,Sweet but Psycho,Ava Max,.
122,Hey Brother,Avicii,.
123,Lonely Together (feat. Rita Ora),Avicii,.
124,The Nights,Avicii,.
125,Waiting For Love,Avicii,.
126,Wake Me Up,Avicii,.
127,Without You (feat. Sandro Cavazza),Avicii,.
128,Complicated,Avril Lavigne,.
129,Head Above Water,Avril Lavigne,.
130,More Than You Know,Axwell /\ Ingrosso,.
131,I Want It That Way,Backstreet Boys,.
132,Â¿Quien Tu Eres?,Bad Bunny,.
133,200 Mph,Bad Bunny,.
134,Caro,Bad Bunny,.
135,Cuando Perriabas,Bad Bunny,.
136,Desde el CorazÃ³n,Bad Bunny,.
137,Estamos Bien,Bad Bunny,.
138,La Romana,Bad Bunny,.
139,MIA (feat. Drake),Bad Bunny,.
140,NI BIEN NI MAL,Bad Bunny,.
141,Otra Noche en Miami,Bad Bunny,.
142,Sensualidad,Bad Bunny,.
143,Ser Bichote,Bad Bunny,.
144,Si EstuviÃ©semos Juntos,Bad Bunny,.
145,Solo de Mi,Bad Bunny,.
146,Tenemos Que Hablar,Bad Bunny,.
147,Tribe (with J. Cole),Bas,.
148,3:15,Bazzi,.
149,Beautiful,Bazzi,.
150,Beautiful (feat. Camila Cabello),Bazzi,.
151,Honest,Bazzi,.
152,Mine,Bazzi,.
153,Why,Bazzi,.
154,I'm a Mess,Bebe Rexha,.
155,Last Hurrah,Bebe Rexha,.
156,Meant to Be (feat. Florida Georgia Line),Bebe Rexha,.
157,Bubalu,Becky G,.
158,Cuando Te BesÃ©,Becky G,.
159,Mayores,Becky G,.
160,Sin Pijama,Becky G,.
161,"Stayin' Alive - From ""Saturday Night Fever"" Soundtrack",Bee Gees,.
162,Stand by Me,Ben E. King,.
163,Kathang Isip,Ben&Ben,.
164,Maybe The Night,Ben&Ben,.
165,Eastside (with Halsey & Khalid),benny blanco,.
166,I Canâ€™t Get Enough (benny blanco Selena Gomez J Balvin Tainy),benny blanco,.
167,I Found You (with Calvin Harris),benny blanco,.
168,Roses (with Juice WRLD feat. Brendon Urie),benny blanco,.
169,Lo siento,Beret,.
170,Crazy In Love,BeyoncÃ©,.
171,Halo,BeyoncÃ©,.
172,Love On Top,BeyoncÃ©,.
173,Run the World (Girls),BeyoncÃ©,.
174,Bestie (feat. Kodak Black),Bhad Bhabie,.
175,Gucci Flip Flops (feat. Lil Yachty),Bhad Bhabie,.
176,Bounce Back,Big Sean,.
177,I Don't Fuck With You,Big Sean,.
178,Ain't No Sunshine,Bill Withers,.
179,bellyache,Billie Eilish,.
180,bitches broken hearts,Billie Eilish,.
181,Bored,Billie Eilish,.
182,come out and play,Billie Eilish,.
183,COPYCAT,Billie Eilish,.
184,idontwannabeyouanymore,Billie Eilish,.
185,my boy,Billie Eilish,.
186,ocean eyes,Billie Eilish,.
187,Six Feet Under,Billie Eilish,.
188,watch,Billie Eilish,.
189,WHEN I WAS OLDER - Music Inspired By The Film ROMA,Billie Eilish,.
190,wish you were gay,Billie Eilish,.
191,you should see me in a crown,Billie Eilish,.
192,Uptown Girl,Billy Joel,.
193,River,Bishop Briggs,.
194,1 SIDED LOVE,blackbear,.
195,do re mi,blackbear,.
196,Idfc,blackbear,.
197,As If It's Your Last,BLACKPINK,.
198,BOOMBAYAH,BLACKPINK,.
199,DDU-DU DDU-DU,BLACKPINK,.
200,No Diggity,Blackstreet,.
201,All The Small Things,blink-182,.
202,Look Alive (feat. Drake),BlocBoy JB,.
203,Hooked on a Feeling,Blue Swede,.
204,Bleed It,Blueface,.
205,Thotiana,Blueface,.
206,Thotiana (feat. Cardi B YG) [Remix],Blueface,.
207,Song 2 - 2012 Remastered Version,Blur,.
208,Could You Be Loved,Bob Marley & The Wailers,.
209,Three Little Birds,Bob Marley & The Wailers,.
210,To My Love - Tainy Remix,Bomba EstÃ©reo,.
211,It's My Life,Bon Jovi,.
212,Rainy Days (feat. Eminem),Boogie,.
213,More Than a Feeling,Boston,.
214,...Baby One More Time,Britney Spears,.
215,Oops!...I Did It Again,Britney Spears,.
216,Toxic,Britney Spears,.
217,24K Magic,Bruno Mars,.
218,Finesse (Remix) [feat. Cardi B],Bruno Mars,.
219,Just the Way You Are,Bruno Mars,.
220,Locked Out Of Heaven,Bruno Mars,.
221,That's What I Like,Bruno Mars,.
222,Treasure,Bruno Mars,.
223,Versace On The Floor,Bruno Mars,.
224,Summer Of '69,Bryan Adams,.
225,Tanta Falta,Bryant Myers,.
226,Drew Barrymore,Bryce Vine,.
227,Don't,Bryson Tiller,.
228,Exchange,Bryson Tiller,.
229,Asesina,Brytiago,.
230,Asesina - Remix,Brytiago,.
231,Controla,Brytiago,.
232,Blood Sweat & Tears,BTS,.
233,DNA,BTS,.
234,Euphoria,BTS,.
235,FAKE LOVE,BTS,.
236,IDOL,BTS,.
237,Advice,Cadet,.
238,Envy Me,Calboy,.
239,Dancing On My Own,Calum Scott,.
240,Feels (feat. Pharrell Williams Katy Perry & Big Sean),Calvin Harris,.
241,Giant (with Rag'n'Bone Man),Calvin Harris,.
242,How Deep Is Your Love,Calvin Harris,.
243,My Way,Calvin Harris,.
244,One Kiss (with Dua Lipa),Calvin Harris,.
245,Promises (with Sam Smith),Calvin Harris,.
246,Slide (feat. Frank Ocean & Migos),Calvin Harris,.
247,Summer,Calvin Harris,.
248,This Is What You Came For,Calvin Harris,.
249,Consequences - orchestra,Camila Cabello,.
250,Crying in the Club,Camila Cabello,.
251,Havana,Camila Cabello,.
252,Never Be the Same,Camila Cabello,.
253,Real Friends,Camila Cabello,.
254,Safe And Sound,Capital Cities,.
255,Bartier Cardi (feat. 21 Savage),Cardi B,.
256,Be Careful,Cardi B,.
257,Bodak Yellow,Cardi B,.
258,I Like It,Cardi B,.
259,Money,Cardi B,.
260,Please Me,Cardi B,.
261,Ring (feat. Kehlani),Cardi B,.
262,Robarte un Beso,Carlos Vives,.
263,You're so Vain,Carly Simon,.
264,Longshot,Catfish and the Bottlemen,.
265,Ta To Gucci (Remix),Cauty,.
266,1999,Charli XCX,.
267,Attention,Charlie Puth,.
268,Done for Me (feat. Kehlani),Charlie Puth,.
269,How Long,Charlie Puth,.
270,The Way I Am,Charlie Puth,.
271,Eyes On You,Chase Rice,.
272,Believe,Cher,.
273,Feels Like Summer,Childish Gambino,.
274,Redbone,Childish Gambino,.
275,This Is America,Childish Gambino,.
276,Pa Olvidarte (feat. Manuel Turizo) - Remix,ChocQuibTown,.
277,Hold On,Chord Overstreet,.
278,Undecided,Chris Brown,.
279,Ahora Dice,Chris Jeday,.
280,Bipolar,Chris Jeday,.
281,Tennessee Whiskey,Chris Stapleton,.
282,A Thousand Years,Christina Perri,.
283,Gotta Go,CHUNG HA,.
284,Level Up,Ciara,.
285,One Two Step,Ciara,.
286,Twerk (feat. Cardi B),City Girls,.
287,Baby (feat. MARINA & Luis Fonsi),Clean Bandit,.
288,I Miss You (feat. Julia Michaels),Clean Bandit,.
289,Mama (feat. Ellie Goulding),Clean Bandit,.
290,Rockabye (feat. Sean Paul & Anne-Marie),Clean Bandit,.
291,Solo (feat. Demi Lovato),Clean Bandit,.
292,Symphony (feat. Zara Larsson),Clean Bandit,.
293,Llegaste TÃº,CNCO,.
294,ReggaetÃ³n Lento (Bailemos),CNCO,.
295,A Sky Full of Stars,Coldplay,.
296,Hymn for the Weekend,Coldplay,.
297,Hymn For The Weekend - Seeb Remix,Coldplay,.
298,Paradise,Coldplay,.
299,The Scientist,Coldplay,.
300,Viva La Vida,Coldplay,.
301,Yellow,Coldplay,.
302,Walk,Comethazine,.
303,Gangsta's Paradise,Coolio,.
304,Put Your Records On,Corinne Bailey Rae,.
305,Madura (feat. Bad Bunny),Cosculluela,.
306,Mr. Jones,Counting Crows,.
307,Fortunate Son,Creedence Clearwater Revival,.
308,Adictiva,Daddy Yankee,.
309,Con Calma,Daddy Yankee,.
310,Dura,Daddy Yankee,.
311,Dura - Remix,Daddy Yankee,.
312,Gasolina,Daddy Yankee,.
313,Get Lucky (feat. Pharrell Williams & Nile Rodgers) - Radio Edit,Daft Punk,.
314,Pa MÃ­ - Remix,Dalex,.
315,Speechless,Dan + Shay,.
316,Tequila,Dan + Shay,.
317,Best Part (feat. H.E.R.),Daniel Caesar,.
318,Get You (feat. Kali Uchis),Daniel Caesar,.
319,Who Hurt You?,Daniel Caesar,.
320,Bad Day,Daniel Powter,.
321,Lil Bebe (feat. Lil Baby) - Remix,DaniLeigh,.
322,Dembow,Danny Ocean,.
323,Epa Wei,Danny Ocean,.
324,Me RehÃºso,Danny Ocean,.
325,Swing,Danny Ocean,.
326,Caliente,Darell,.
327,A Partir De Hoy,David Bisbal,.
328,Better When You're Gone,David Guetta,.
329,Don't Leave Me Alone (feat. Anne-Marie),David Guetta,.
330,Flames,David Guetta,.
331,Like I Do,David Guetta,.
332,Your Love,David Guetta,.
333,7 Minutes,Dean Lewis,.
334,Be Alright,Dean Lewis,.
335,Bulong,December Avenue,.
336,Kung 'Di Rin Lang Ikaw,December Avenue,.
337,Sa Ngalan Ng Pag-Ibig,December Avenue,.
338,Sober,Demi Lovato,.
339,Sorry Not Sorry,Demi Lovato,.
340,Stone Cold,Demi Lovato,.
341,Tell Me You Love Me,Demi Lovato,.
342,Never Go Back,Dennis Lloyd,.
343,Nevermind,Dennis Lloyd,.
344,Power Over Me,Dermot Kennedy,.
345,Say My Name,Destiny's Child,.
346,The Sound Of Silence,Disturbed,.
347,No Brainer,DJ Khaled,.
348,Let Me Love You,DJ Snake,.
349,Middle,DJ Snake,.
350,Taki Taki (with Selena Gomez Ozuna & Cardi B),DJ Snake,.
351,Cake By The Ocean,DNCE,.
352,9 to 5,Dolly Parton,.
353,Jolene,Dolly Parton,.
354,Still D.R.E.,Dr. Dre,.
355,Donâ€™t Matter To Me (with Michael Jackson),Drake,.
356,Fake Love,Drake,.
357,God's Plan,Drake,.
358,Hotline Bling,Drake,.
359,I'm Upset,Drake,.
360,In My Feelings,Drake,.
361,Jumpman,Drake,.
362,Mob Ties,Drake,.
363,Nice For What,Drake,.
364,One Dance,Drake,.
365,Passionfruit,Drake,.
366,Portland,Drake,.
367,Too Good,Drake,.
368,Woke Up Late (feat. Hailee Steinfeld),Drax Project,.
369,IDGAF,Dua Lipa,.
370,Kiss and Make Up,Dua Lipa,.
371,New Rules,Dua Lipa,.
372,"Swan Song (From the Motion Picture ""Alita: Battle Angel"")",Dua Lipa,.
373,Want To,Dua Lipa,.
374,Sin Culpa (feat. DrefQuila),Duki,.
375,Hotel California - Eagles 2013 Remaster,Eagles,.
376,Take It Easy - 2013 Remaster,Eagles,.
377,September,Earth Wind & Fire,.
378,Castle on the Hill,Ed Sheeran,.
379,Dive,Ed Sheeran,.
380,Galway Girl,Ed Sheeran,.
381,Happier,Ed Sheeran,.
382,Perfect,Ed Sheeran,.
383,Perfect Duet (Ed Sheeran & BeyoncÃ©),Ed Sheeran,.
384,Photograph,Ed Sheeran,.
385,Shape of You,Ed Sheeran,.
386,Supermarket Flowers,Ed Sheeran,.
387,The A Team,Ed Sheeran,.
388,Thinking Out Loud,Ed Sheeran,.
389,Mr. Blue Sky,Electric Light Orchestra,.
390,Boo'd Up,Ella Mai,.
391,Shot Clock,Ella Mai,.
392,Trip,Ella Mai,.
393,Close To Me (with Diplo) (feat. Swae Lee),Ellie Goulding,.
394,Rocket Man (I Think It's Going To Be A Long Long Time),Elton John,.
395,Tiny Dancer,Elton John,.
396,Can't Help Falling in Love,Elvis Presley,.
397,Fall,Eminem,.
398,Greatest,Eminem,.
399,Kamikaze,Eminem,.
400,Killshot,Eminem,.
401,"Lose Yourself - From ""8 Mile"" Soundtrack",Eminem,.
402,Love The Way You Lie,Eminem,.
403,Lucky You (feat. Joyner Lucas),Eminem,.
404,Not Afraid,Eminem,.
405,Not Alike (feat. Royce Da 5'9),Eminem,.
406,Rap God,Eminem,.
407,River (feat. Ed Sheeran),Eminem,.
408,Stan,Eminem,.
409,The Monster,Eminem,.
410,The Real Slim Shady,Eminem,.
411,The Ringer,Eminem,.
412,'Till I Collapse,Eminem,.
413,Venom - Music From The Motion Picture,Eminem,.
414,Without Me,Eminem,.
415,SUBEME LA RADIO,Enrique Iglesias,.
416,American Boy,Estelle,.
417,Sweet Dreams (Are Made of This) - Remastered,Eurythmics,.
418,Bring Me To Life,Evanescence,.
419,Love Shot,EXO,.
420,Centuries,Fall Out Boy,.
421,Sugar We're Goin Down,Fall Out Boy,.
422,JAPAN,Famous Dex,.
423,PICK IT UP (feat. A$AP Rocky),Famous Dex,.
424,Diles (feat. Arcangel Nengo Flow Dj Luian & Mambo Kings),Farruko,.
425,Nadie,Farruko,.
426,679 (feat. Remy Boyz),Fetty Wap,.
427,Work from Home (feat. Ty Dolla $ign),Fifth Harmony,.
428,Worth It,Fifth Harmony,.
429,Dreams - 2004 Remaster,Fleetwood Mac,.
430,Everywhere - 2017 Remaster,Fleetwood Mac,.
431,Landslide,Fleetwood Mac,.
432,The Chain - 2004 Remaster,Fleetwood Mac,.
433,Leave Me Alone,Flipp Dinero,.
434,Low (feat. T-Pain),Flo Rida,.
435,My House,Flo Rida,.
436,Wild Ones (feat. Sia),Flo Rida,.
437,Everlong,Foo Fighters,.
438,The Pretender,Foo Fighters,.
439,I Want to Know What Love Is,Foreigner,.
440,Remember The Name (feat. Styles Of Beyond),Fort Minor,.
441,Pumped Up Kicks,Foster The People,.
442,Sit Next to Me,Foster The People,.
443,Chanel,Frank Ocean,.
444,Ivy,Frank Ocean,.
445,Nights,Frank Ocean,.
446,Pink + White,Frank Ocean,.
447,No Stylist,French Montana,.
448,Unforgettable,French Montana,.
449,Crushed Up,Future,.
450,Fine China,Future,.
451,First Off (feat. Travis Scott),Future,.
452,Hard Work Pays Off,Future,.
453,Jumpin on a Jet,Future,.
454,Low Life,Future,.
455,Mask Off,Future,.
456,Bones (feat. OneRepublic),Galantis,.
457,Creep On Me,GASHI,.
458,My Year,GASHI,.
459,Moonlight,Gaullin,.
460,1942,G-Eazy,.
461,Him & I (with Halsey),G-Eazy,.
462,Me Myself & I,G-Eazy,.
463,No Limit,G-Eazy,.
464,West Coast,G-Eazy,.
465,Hold My Girl,George Ezra,.
466,Paradise,George Ezra,.
467,Shotgun,George Ezra,.
468,My Sweet Lord,George Harrison,.
469,do u even miss me at all?,gianni & kyle,.
470,i hate u i love u (feat. olivia o'brien),gnash,.
471,Feel Good Inc,Gorillaz,.
472,Feel Good Inc.,Gorillaz,.
473,American Idiot,Green Day,.
474,Basket Case,Green Day,.
475,Good Riddance (Time of Your Life),Green Day,.
476,Wake Me up When September Ends,Green Day,.
477,Tongue Tied,Grouplove,.
478,A TravÃ©s Del Vaso,Grupo Arranke,.
479,Tie Me Down (with Elley DuhÃ©),Gryffin,.
480,BiPolar (feat. Quavo),Gucci Mane,.
481,I Get The Bag (feat. Migos),Gucci Mane,.
482,Wake Up in the Sky,Gucci Mane,.
483,3 Headed Snake (feat. Young Thug),Gunna,.
484,One Call,Gunna,.
485,Outstanding,Gunna,.
486,Same Yung Nigga (feat. Playboi Carti),Gunna,.
487,Sold Out Dates (feat. Lil Baby),Gunna,.
488,Speed It Up,Gunna,.
489,Knockin' On Heaven's Door,Guns N' Roses,.
490,November Rain,Guns N' Roses,.
491,Stereo Hearts (feat. Adam Levine),Gym Class Heroes,.
492,Best Part (feat. Daniel Caesar),H.E.R.,.
493,Could've Been (feat. Bryson Tiller),H.E.R.,.
494,Capital Letters,Hailee Steinfeld,.
495,Let Me Go (with Alesso Florida Georgia Line & watt),Hailee Steinfeld,.
496,Love Myself,Hailee Steinfeld,.
497,Most Girls,Hailee Steinfeld,.
498,Starving,Hailee Steinfeld,.
499,Bad At Love,Halsey,.
500,Gasoline,Halsey,.
501,Now Or Never,Halsey,.
502,Without Me,Halsey,.
503,Without Me (with Juice WRLD),Halsey,.
504,Sign of the Times,Harry Styles,.
505,Khapta,Heuss L'enfoirÃ©,.
506,The Reason,Hoobastank,.
507,Almost (Sweet Music),Hozier,.
508,Take Me to Church,Hozier,.
509,Sana,I Belong to the Zoo,.
510,LOVE SCENARIO,iKON,.
511,Bad Liar,Imagine Dragons,.
512,Believer,Imagine Dragons,.
513,Natural,Imagine Dragons,.
514,Next To Me,Imagine Dragons,.
515,Thunder,Imagine Dragons,.
516,Whatever It Takes,Imagine Dragons,.
517,"Zero - From the Original Motion Picture ""Ralph Breaks The Internet""",Imagine Dragons,.
518,ë‹¬ë�¼ë‹¬ë�¼ DALLA DALLA,ITZY,.
519,Bonita,J Balvin,.
520,No Es Justo,J Balvin,.
521,Reggaeton,J Balvin,.
522,ATM,J. Cole,.
523,G.O.M.D.,J. Cole,.
524,Kevinâ€™s Heart,J. Cole,.
525,KOD,J. Cole,.
526,MIDDLE CHILD,J. Cole,.
527,Neighbors,J. Cole,.
528,No Role Modelz,J. Cole,.
529,Wet Dreamz,J. Cole,.
530,No One Compares To You,Jack & Jack,.
531,Where Are Ãœ Now (with Justin Bieber),Jack Ãœ,.
532,You,Jacquees,.
533,Icon,Jaden Smith,.
534,Way Up,Jaden Smith,.
535,Can I Be Him,James Arthur,.
536,Empty Space,James Arthur,.
537,Impossible,James Arthur,.
538,Naked,James Arthur,.
539,Rewrite The Stars (with James Arthur & Anne-Marie),James Arthur,.
540,Say You Won't Let Go,James Arthur,.
541,Peer Pressure (feat. Julia Michaels),James Bay,.
542,Mile High (feat. Travis Scott & Metro Boomin),James Blake,.
543,You're Beautiful,James Blunt,.
544,Say Love,James TW,.
545,When You Love Someone,James TW,.
546,You & Me,James TW,.
547,Goodbye (feat. Nicki Minaj & Willy William),Jason Derulo,.
548,Swalla (feat. Nicki Minaj & Ty Dolla $ign),Jason Derulo,.
549,Tip Toe (feat. French Montana),Jason Derulo,.
550,Want to Want Me,Jason Derulo,.
551,I'm Yours,Jason Mraz,.
552,Lucky,Jason Mraz,.
553,Breathe,Jax Jones,.
554,Play,Jax Jones,.
555,King's Dead (with Kendrick Lamar Future & James Blake),Jay Rock,.
556,SOLO,JENNIE,.
557,Impatient,Jeremih,.
558,oui,Jeremih,.
559,all the kids are depressed,Jeremy Zucker,.
560,comethru,Jeremy Zucker,.
561,All I Am,Jess Glynne,.
562,I'll Be There,Jess Glynne,.
563,Te EsperÃ©,Jesse & Joy,.
564,Bang Bang,Jessie J,.
565,Are You Gonna Be My Girl,Jet,.
566,Off Deez (with J. Cole),JID,.
567,All Along the Watchtower,Jimi Hendrix,.
568,The Middle,Jimmy Eat World,.
569,Please Don't Go,Joel Adams,.
570,Take Me Home Country Roads - Rerecorded,John Denver,.
571,All of Me,John Legend,.
572,Imagine - Remastered,John Lennon,.
573,Free Fallin' - Live at the Nokia Theatre Los Angeles CA - December 2007,John Mayer,.
574,I Guess I Just Feel Like,John Mayer,.
575,New Light,John Mayer,.
576,Slow Dancing in a Burning Room,John Mayer,.
577,Your Body Is a Wonderland,John Mayer,.
578,ATTENTION,Joji,.
579,CAN'T GET OVER YOU (feat. Clams Casino),Joji,.
580,Sanctuary,Joji,.
581,SLOW DANCING IN THE DARK,Joji,.
582,TEST DRIVE,Joji,.
583,YEAH RIGHT,Joji,.
584,Perfect Strangers,Jonas Blue,.
585,Polaroid,Jonas Blue,.
586,Rise,Jonas Blue,.
587,Sucker,Jonas Brothers,.
588,Don't Stop Believin',Journey,.
589,I Love,Joyner Lucas,.
590,September Song,JP Cooper,.
591,Buwan,juan karlos,.
592,La Plata (feat. Lalo Ebratt),Juanes,.
593,Dancing in the Moonlight,JubÃ«l,.
594,All Girls Are The Same,Juice WRLD,.
595,Armed And Dangerous,Juice WRLD,.
596,Black & White,Juice WRLD,.
597,Candles,Juice WRLD,.
598,Empty,Juice WRLD,.
599,Fast,Juice WRLD,.
600,Hear Me Calling,Juice WRLD,.
601,Hide (feat. Seezyn),Juice WRLD,.
602,Lean Wit Me,Juice WRLD,.
603,Legends,Juice WRLD,.
604,Lucid Dreams,Juice WRLD,.
605,Rich And Blind,Juice WRLD,.
606,Robbery,Juice WRLD,.
607,Scared Of Love,Juice WRLD,.
608,Wasted (feat. Lil Uzi Vert),Juice WRLD,.
609,Anxiety (with Selena Gomez),Julia Michaels,.
610,Heaven,Julia Michaels,.
611,Issues,Julia Michaels,.
612,Jump (with Trippie Redd),Julia Michaels,.
613,What A Time (feat. Niall Horan),Julia Michaels,.
614,Friends (with BloodPopÂ®),Justin Bieber,.
615,Love Yourself,Justin Bieber,.
616,Sorry,Justin Bieber,.
617,What Do You Mean?,Justin Bieber,.
618,Cry Me a River,Justin Timberlake,.
619,Mirrors,Justin Timberlake,.
620,Rainbow,Kacey Musgraves,.
621,Way Down We Go,KALEO,.
622,Heaven,Kane Brown,.
623,What Ifs,Kane Brown,.
624,Dust in the Wind,Kansas,.
625,All Mine,Kanye West,.
626,Black Skinhead,Kanye West,.
627,Gold Digger,Kanye West,.
628,Heartless,Kanye West,.
629,I Love It (& Lil Pump),Kanye West,.
630,POWER,Kanye West,.
631,CrÃ©eme,Karol G,.
632,Culpables,Karol G,.
633,Mi Cama - Remix,Karol G,.
634,Walking On Sunshine,Katrina & The Waves,.
635,Dark Horse,Katy Perry,.
636,Roar,Katy Perry,.
637,Swish Swish,Katy Perry,.
638,Nights Like This (feat. Ty Dolla $ign),Kehlani,.
639,All The Stars (with SZA),Kendrick Lamar,.
640,DNA.,Kendrick Lamar,.
641,HUMBLE.,Kendrick Lamar,.
642,King Kunta,Kendrick Lamar,.
643,LOVE. FEAT. ZACARI.,Kendrick Lamar,.
644,LOYALTY. FEAT. RIHANNA.,Kendrick Lamar,.
645,Ni Gucci Ni Prada,Kenny Man,.
646,Ni Gucci Ni Prada - Remix,Kenny Man,.
647,Praying,Kesha,.
648,TiK ToK,Kesha,.
649,Nadie Como Yo,Kevin Roldan,.
650,PPP,Kevin Roldan,.
651,PPP - Remix,Kevin Roldan,.
652,8TEEN,Khalid,.
653,Another Sad Love Song,Khalid,.
654,Better,Khalid,.
655,Location,Khalid,.
656,Love Lies (with Normani),Khalid,.
657,My Bad,Khalid,.
658,OTW,Khalid,.
659,Saturday Nights,Khalid,.
660,Saturday Nights REMIX,Khalid,.
661,Saved,Khalid,.
662,Suncity (feat. Empress Of),Khalid,.
663,Talk,Khalid,.
664,Young Dumb & Broke,Khalid,.
665,Loca Remix,Khea,.
666,Waiting,KIAN,.
667,Reborn,KIDS SEE GHOSTS,.
668,Get You The Moon (feat. SnÃ¸w),Kina,.
669,Canâ€™t Help Falling in Love,Kina Grannis,.
670,1950,King Princess,.
671,Sex on Fire,Kings of Leon,.
672,Use Somebody,Kings of Leon,.
673,I Was Made For Lovin' You,KISS,.
674,Calling My Spirit,Kodak Black,.
675,Codeine Dreaming (feat. Lil Wayne),Kodak Black,.
676,MoshPit (feat. Juice WRLD),Kodak Black,.
677,Roll In Peace (feat. XXXTENTACION),Kodak Black,.
678,Tunnel Vision,Kodak Black,.
679,ZEZE (feat. Travis Scott & Offset),Kodak Black,.
680,Whenever (feat. Conor Maynard),Kris Kross Amsterdam,.
681,Firestone (feat. Conrad Sewell),Kygo,.
682,Happy Now,Kygo,.
683,Remind Me to Forget,Kygo,.
684,Stargazing,Kygo,.
685,Think About You (feat. Valerie Broussard),Kygo,.
686,iSpy (feat. Lil Yachty),KYLE,.
687,Playinwitme (feat. Kehlani),KYLE,.
688,Always Remember Us This Way,Lady Gaga,.
689,Look What I Found,Lady Gaga,.
690,Million Reasons,Lady Gaga,.
691,Music To My Eyes,Lady Gaga,.
692,Shallow,Lady Gaga,.
693,Shallow - Radio Edit,Lady Gaga,.
694,Mocca - Remix,Lalo Ebratt,.
695,Malibu Nights,LANY,.
696,Thru These Tears,LANY,.
697,Enemies,Lauv,.
698,I Like Me Better,Lauv,.
699,i'm so tired...,Lauv,.
700,Superhero,Lauv,.
701,There's No Way (feat. Julia Michaels),Lauv,.
702,Immigrant Song - Remastered,Led Zeppelin,.
703,Stairway to Heaven - Remastered,Led Zeppelin,.
704,Whole Lotta Love - 1990 Remaster,Led Zeppelin,.
705,Celoso,Lele Pons,.
706,La Di Da,Lennon Stella,.
707,Bleeding Love,Leona Lewis,.
708,Duro y Suave,Leslie Grace,.
709,Grace,Lewis Capaldi,.
710,Someone You Loved,Lewis Capaldi,.
711,Familiar,Liam Payne,.
712,Strip That Down,Liam Payne,.
713,You And Me,Lifehouse,.
714,Close Friends (Lil Baby & Gunna),Lil Baby,.
715,Drip Too Hard (Lil Baby & Gunna),Lil Baby,.
716,Freestyle,Lil Baby,.
717,Life Goes On,Lil Baby,.
718,Never Recover (Lil Baby & Gunna Drake),Lil Baby,.
719,Pure Cocaine,Lil Baby,.
720,Yes Indeed,Lil Baby,.
721,Freaky Friday (feat. Chris Brown),Lil Dicky,.
722,Kamikaze,Lil Mosey,.
723,Noticed,Lil Mosey,.
724,Pull Up,Lil Mosey,.
725,Awful Things,Lil Peep,.
726,Beamer Boy,Lil Peep,.
727,Benz Truck (Ð³ÐµÐ»Ð¸Ðº),Lil Peep,.
728,Falling Down - Bonus Track,Lil Peep,.
729,I've Been Waiting (w/ ILoveMakonnen & Fall Out Boy),Lil Peep,.
730,Life is Beautiful,Lil Peep,.
731,Save That Shit,Lil Peep,.
732,Be Like Me (feat. Lil Wayne),Lil Pump,.
733,Butterfly Doors,Lil Pump,.
734,Esskeetit,Lil Pump,.
735,Gucci Gang,Lil Pump,.
736,Racks on Racks,Lil Pump,.
737,Brothers,Lil Tjay,.
738,Dark Queen,Lil Uzi Vert,.
739,Money Longer,Lil Uzi Vert,.
740,New Patek,Lil Uzi Vert,.
741,The Way Life Goes (feat. Oh Wonder),Lil Uzi Vert,.
742,XO TOUR Llif3,Lil Uzi Vert,.
743,Don't Cry (feat. XXXTENTACION),Lil Wayne,.
744,Mona Lisa (feat. Kendrick Lamar),Lil Wayne,.
745,Scared of the Dark (feat. XXXTENTACION),Lil Wayne,.
746,Sucker For Pain,Lil Wayne,.
747,Uproar,Lil Wayne,.
748,Betrayed,Lil Xan,.
749,Get Dripped (feat. Playboi Carti),Lil Yachty,.
750,Yacht Club (feat. Juice WRLD),Lil Yachty,.
751,In The End,Linkin Park,.
752,Numb,Linkin Park,.
753,What I've Done,Linkin Park,.
754,Black Magic,Little Mix,.
755,Secret Love Song,Little Mix,.
756,Shout Out to My Ex,Little Mix,.
757,Think About Us (feat. Ty Dolla $ign),Little Mix,.
758,Woman Like Me (feat. Nicki Minaj),Little Mix,.
759,Juice,Lizzo,.
760,1-800-273-8255,Logic,.
761,44 More,Logic,.
762,Everyday,Logic,.
763,Keanu Reeves,Logic,.
764,The Night We Met,Lord Huron,.
765,Royals,Lorde,.
766,Never Enough,Loren Allred,.
767,Mambo No. 5 (a Little Bit of...),Lou Bega,.
768,Body,Loud Luxury,.
769,Back to You (feat. Bebe Rexha & Digital Farm Animals),Louis Tomlinson,.
770,broken,lovelytheband,.
771,Lost on You,LP,.
772,Calypso,Luis Fonsi,.
773,Despacito - Remix,Luis Fonsi,.
774,Ã‰chame La Culpa,Luis Fonsi,.
775,Imposible,Luis Fonsi,.
776,Sola,Luis Fonsi,.
777,Ahora Te Puedes Marchar,Luis Miguel,.
778,La Incondicional,Luis Miguel,.
779,7 Years,Lukas Graham,.
780,Love Someone,Lukas Graham,.
781,Beautiful Crazy,Luke Combs,.
782,Hurricane,Luke Combs,.
783,One Number Away,Luke Combs,.
784,She Got the Best of Me,Luke Combs,.
785,When It Rains It Pours,Luke Combs,.
786,A Solas - Remix,Lunay,.
787,Soltera,Lunay,.
788,Broken,Lund,.
789,Sweet Home Alabama,Lynyrd Skynyrd,.
790,Don't Call Me Up,Mabel,.
791,Hurt Feelings,Mac Miller,.
792,Ladders,Mac Miller,.
793,Self Care,Mac Miller,.
794,Weekend (feat. Miguel),Mac Miller,.
795,Bad Things (with Camila Cabello),Machine Gun Kelly,.
796,Glorious (feat. Skylar Grey),Macklemore,.
797,Can't Hold Us - feat. Ray Dalton,Macklemore & Ryan Lewis,.
798,Ned Flanders (feat. A$AP Ferg),MadeinTYO,.
799,Home with You,Madison Beer,.
800,Hurts Like Hell (feat. Offset),Madison Beer,.
801,Pretty Girl - Cheat Codes X CADE Remix,Maggie Lindemann,.
802,Rude,MAGIC!,.
803,CorazÃ³n (feat. Nego do Borel),Maluma,.
804,El PrÃ©stamo,Maluma,.
805,Felices los 4,Maluma,.
806,HP,Maluma,.
807,Mala MÃ­a,Maluma,.
808,Mala MÃ­a - Remix,Maluma,.
809,Culpables,Manuel Turizo,.
810,Esclavo de Tus Besos,Manuel Turizo,.
811,EsperÃ¡ndote,Manuel Turizo,.
812,Sola,Manuel Turizo,.
813,Una Lady Como TÃº,Manuel Turizo,.
814,EstÃ¡ Rico,Marc Anthony,.
815,All I Want for Christmas Is You,Mariah Carey,.
816,Let Me Love You,Mario,.
817,Baby Girl (feat. Lalo Ebratt),Mario Bautista,.
818,Nothing Breaks Like a Heart (feat. Miley Cyrus),Mark Ronson,.
819,Uptown Funk,Mark Ronson,.
820,Girls Like You (feat. Cardi B),Maroon 5,.
821,Maps,Maroon 5,.
822,She Will Be Loved - Radio Mix,Maroon 5,.
823,Sugar,Maroon 5,.
824,This Love,Maroon 5,.
825,What Lovers Do (feat. SZA),Maroon 5,.
826,Alone,Marshmello,.
827,Fly,Marshmello,.
828,FRIENDS,Marshmello,.
829,Happier,Marshmello,.
830,Project Dreams,Marshmello,.
831,Silence,Marshmello,.
832,Spotlight,Marshmello,.
833,Burn Out (feat. Dewain Whitmore),Martin Garrix,.
834,High On Life (feat. Bonn),Martin Garrix,.
835,In the Name of Love,Martin Garrix,.
836,No Sleep (feat. Bonn),Martin Garrix,.
837,Ocean (feat. Khalid),Martin Garrix,.
838,Scared to Be Lonely,Martin Garrix,.
839,There for You,Martin Garrix,.
840,Ain't No Mountain High Enough - Mono,Marvin Gaye,.
841,Tadow,Masego,.
842,Desconocidos,Mau y Ricky,.
843,Going Bad (feat. Drake),Meek Mill,.
844,On Me (feat. Cardi B),Meek Mill,.
845,Like I'm Gonna Lose You,Meghan Trainor,.
846,10 Freaky Girls (with 21 Savage),Metro Boomin,.
847,Don't Come Out The House (with 21 Savage),Metro Boomin,.
848,Overdue (with Travis Scott),Metro Boomin,.
849,Space Cadet (feat. Gunna),Metro Boomin,.
850,Electric Feel,MGMT,.
851,Kids,MGMT,.
852,Beat It - Single Version,Michael Jackson,.
853,Billie Jean,Michael Jackson,.
854,Don't Stop 'Til You Get Enough - Single Version,Michael Jackson,.
855,Bad and Boujee (feat. Lil Uzi Vert),Migos,.
856,MotorSport,Migos,.
857,Narcos,Migos,.
858,Notice Me,Migos,.
859,Slippery (feat. Gucci Mane),Migos,.
860,Stir Fry,Migos,.
861,Walk It Talk It,Migos,.
862,Sky Walker (feat. Travis Scott),Miguel,.
863,The Ocean (feat. Shy Martin),Mike Perry,.
864,Malibu,Miley Cyrus,.
865,Party In The U.S.A.,Miley Cyrus,.
866,We Can't Stop,Miley Cyrus,.
867,Classic,MKTO,.
868,Shook Ones Pt. II,Mobb Deep,.
869,Whiskey Glasses,Morgan Wallen,.
870,Uprising,Muse,.
871,Pure Water (with Migos),Mustard,.
872,Teenagers,My Chemical Romance,.
873,Welcome to the Black Parade,My Chemical Romance,.
874,DÃ©jalo,Nacho,.
875,Unwritten,Natasha Bedingfield,.
876,Criminal,Natti Natasha,.
877,Champion (feat. Travis Scott),NAV,.
878,Dilemma,Nelly,.
879,So Sick,Ne-Yo,.
880,If You Want Love,NF,.
881,Let You Down,NF,.
882,Lie,NF,.
883,Slow Hands,Niall Horan,.
884,Too Much To Ask,Niall Horan,.
885,Right Now,Nick Jonas,.
886,How You Remind Me - LP Mix,Nickelback,.
887,Bed (feat. Ariana Grande),Nicki Minaj,.
888,Chun-Li,Nicki Minaj,.
889,Familia (with Anuel Aa feat. Bantu) - Spider-Man: Into the Spider-Verse,Nicki Minaj,.
890,El PerdÃ³n,Nicky Jam,.
891,X,Nicky Jam,.
892,X - Remix,Nicky Jam,.
893,Let You Go,Nightcall,.
894,Goutte dâ€™eau,Ninho,.
895,Te BotÃ© - Remix,Nio Garcia,.
896,Again,Noah Cyrus,.
897,Hurt Somebody (With Julia Michaels),Noah Kahan,.
898,Waves (feat. 6LACK),Normani,.
899,I Wanna Know (feat. Bea Miller),NOTD,.
900,So Close,NOTD,.
901,Options,NSG,.
902,Clout (feat. Cardi B),Offset,.
903,How Did I Get Here (feat. J. Cole),Offset,.
904,Legacy (feat. Travis Scott & 21 Savage),Offset,.
905,Lick,Offset,.
906,Red Room,Offset,.
907,Ric Flair Drip (& Metro Boomin),Offset,.
908,Wild Wild West (feat. Gunna),Offset,.
909,Alien Boy,Oliver Tree,.
910,Hurt,Oliver Tree,.
911,hate u love u,Olivia O'Brien,.
912,Story of My Life,One Direction,.
913,Connection,OneRepublic,.
914,Hey Ya! - Radio Mix / Club Mix,OutKast,.
915,Ms. Jackson,OutKast,.
916,Fireflies,Owl City,.
917,Baila Baila Baila,Ozuna,.
918,Cama Vacia,Ozuna,.
919,Devuelveme,Ozuna,.
920,El Farsante - Remix,Ozuna,.
921,Ibiza,Ozuna,.
922,La Modelo,Ozuna,.
923,Luz Apaga,Ozuna,.
924,Me Dijeron,Ozuna,.
925,Se PreparÃ³,Ozuna,.
926,SÃ­guelo Bailando,Ozuna,.
927,Solita,Ozuna,.
928,Unica,Ozuna,.
929,Vaina Loca,Ozuna,.
930,A Million Dreams,P!nk,.
931,Walk Me Home,P!nk,.
932,What About Us,P!nk,.
933,No Te Enamores,Paloma Mami,.
934,Not Steady,Paloma Mami,.
935,Death Of A Bachelor,Panic! At The Disco,.
936,High Hopes,Panic! At The Disco,.
937,I Write Sins Not Tragedies,Panic! At The Disco,.
938,Say Amen (Saturday Night),Panic! At The Disco,.
939,Last Resort,Papa Roach,.
940,Backin' It Up (feat. Cardi B),Pardison Fontaine,.
941,You Can Call Me Al,Paul Simon,.
942,Adan y Eva,Paulo Londra,.
943,Chica Paranormal,Paulo Londra,.
944,Forever Alone,Paulo Londra,.
945,Nena MaldiciÃ³n (feat. Lenny TavÃ¡rez),Paulo Londra,.
946,Alive,Pearl Jam,.
947,Calma,Pedro CapÃ³,.
948,Calma - Remix,Pedro CapÃ³,.
949,In My Head,Peter Manos,.
950,In The Air Tonight - 2015 Remastered,Phil Collins,.
951,You Can't Hurry Love - 2016 Remastered,Phil Collins,.
952,Another Brick in the Wall Pt. 2,Pink Floyd,.
953,Wish You Were Here,Pink Floyd,.
954,Honesty,Pink Sweat$,.
955,DÃ©jala que vuelva (feat. Manuel Turizo),Piso 21,.
956,Puntos Suspensivos,Piso 21,.
957,Te Amo,Piso 21,.
958,Te Vi,Piso 21,.
959,Give Me Everything,Pitbull,.
960,Timber,Pitbull,.
961,Time of Our Lives,Pitbull,.
962,Hey There Delilah,Plain White T's,.
963,Magnolia,Playboi Carti,.
964,Shoota (feat. Lil Uzi Vert),Playboi Carti,.
965,wokeuplikethis*,Playboi Carti,.
966,Pop Out (feat. Lil TJay),Polo G,.
967,92 Explorer,Post Malone,.
968,Ball For Me (feat. Nicki Minaj),Post Malone,.
969,Better Now,Post Malone,.
970,Candy Paint,Post Malone,.
971,Congratulations,Post Malone,.
972,Deja Vu,Post Malone,.
973,Go Flex,Post Malone,.
974,I Fall Apart,Post Malone,.
975,No Option,Post Malone,.
976,Otherside,Post Malone,.
977,Over Now,Post Malone,.
978,Paranoid,Post Malone,.
979,Psycho (feat. Ty Dolla $ign),Post Malone,.
980,Rich & Sad,Post Malone,.
981,rockstar (feat. 21 Savage),Post Malone,.
982,Same Bitches (feat. G-Eazy & YG),Post Malone,.
983,Spoil My Night (feat. Swae Lee),Post Malone,.
984,Stay,Post Malone,.
985,Sugar Wraith,Post Malone,.
986,Sunflower - Spider-Man: Into the Spider-Verse,Post Malone,.
987,Takin' Shots,Post Malone,.
988,Too Young,Post Malone,.
989,White Iverson,Post Malone,.
990,Wow.,Post Malone,.
991,Zack And Codeine,Post Malone,.
992,Adicto,Prince Royce,.
993,El Clavo - Remix,Prince Royce,.
994,FLIP THE SWITCH (feat. Drake),Quavo,.
995,LOSE IT (feat. Lil Baby),Quavo,.
996,WORKIN ME,Quavo,.
997,Bohemian Rhapsody - Remastered 2011,Queen,.
998,Don't Stop Me Now - Remastered,Queen,.
999,Somebody To Love - Remastered 2011,Queen,.
1000,Under Pressure - Remastered,Queen,.
1001,Losing My Religion,R.E.M.,.
1002,Fight Song,Rachel Platten,.
1003,Creep,Radiohead,.
1004,Black Beatles,Rae Sremmurd,.
1005,Come Get Her,Rae Sremmurd,.
1006,Guatemala - From Swaecation,Rae Sremmurd,.
1007,No Type,Rae Sremmurd,.
1008,Powerglide (feat. Juicy J) - From SR3MM,Rae Sremmurd,.
1009,Swang,Rae Sremmurd,.
1010,Killing In The Name,Rage Against The Machine,.
1011,Human,Rag'n'Bone Man,.
1012,Barking,Ramz,.
1013,Que Le De,Rauw Alejandro,.
1014,Californication,Red Hot Chili Peppers,.
1015,Can't Stop,Red Hot Chili Peppers,.
1016,Dani California,Red Hot Chili Peppers,.
1017,Otherside,Red Hot Chili Peppers,.
1018,Scar Tissue,Red Hot Chili Peppers,.
1019,Snow (Hey Oh),Red Hot Chili Peppers,.
1020,Under The Bridge,Red Hot Chili Peppers,.
1021,Amigos Con Derechos,Reik,.
1022,Me Niego,Reik,.
1023,RÃ¡ptame,Reik,.
1024,Best Friend,Rex Orange County,.
1025,Loving Is Easy,Rex Orange County,.
1026,Sunflower,Rex Orange County,.
1027,Domingo (feat. Cosculluela),Reykon,.
1028,4 Phones,Rich The Kid,.
1029,New Freezer (feat. Kendrick Lamar),Rich The Kid,.
1030,Plug Walk,Rich The Kid,.
1031,Splashin,Rich The Kid,.
1032,Bitch Better Have My Money,Rihanna,.
1033,Don't Stop The Music,Rihanna,.
1034,FourFiveSeconds,Rihanna,.
1035,Pon de Replay,Rihanna,.
1036,Take A Bow,Rihanna,.
1037,Umbrella,Rihanna,.
1038,Anywhere,Rita Ora,.
1039,Girls (feat. Cardi B Bebe Rexha & Charli XCX),Rita Ora,.
1040,Let You Love Me,Rita Ora,.
1041,Only Want You,Rita Ora,.
1042,Your Song,Rita Ora,.
1043,Chill Bill,Rob $tone,.
1044,Speechless (feat. Erika Sirola),Robin Schulz,.
1045,Sugar (feat. Francesco Yates),Robin Schulz,.
1046,Die Young,Roddy Ricch,.
1047,Every Season,Roddy Ricch,.
1048,Me Voy,Rombai,.
1049,Lay By Me,Ruben,.
1050,These Days (feat. Jess Glynne Macklemore & Dan Caplen),Rudimental,.
1051,Dazed & Confused,Ruel,.
1052,Younger,Ruel,.
1053,Losin Control,Russ,.
1054,Missin You Crazy,Russ,.
1055,Psycho Pt. 2,Russ,.
1056,Lost Boy,Ruth B.,.
1057,Ponle,Rvssian,.
1058,Sue Me,Sabrina Carpenter,.
1059,Body Like A Back Road,Sam Hunt,.
1060,Dancing With A Stranger (with Normani),Sam Smith,.
1061,"Fire On Fire - From ""Watership Down""",Sam Smith,.
1062,I'm Not The Only One,Sam Smith,.
1063,Stay With Me,Sam Smith,.
1064,Too Good At Goodbyes,Sam Smith,.
1065,Love Song,Sara Bareilles,.
1066,X (with 2 Chainz & Saudi),ScHoolboy Q,.
1067,Wind Of Change,Scorpions,.
1068,Beautiful Girls,Sean Kingston,.
1069,No Lie,Sean Paul,.
1070,Temperature,Sean Paul,.
1071,No Hay Nadie MÃ¡s,Sebastian Yatra,.
1072,Un AÃ±o,Sebastian Yatra,.
1073,Vuelve,Sebastian Yatra,.
1074,Ya No Tiene Novio,Sebastian Yatra,.
1075,Grip,Seeb,.
1076,Back To You,Selena Gomez,.
1077,Back To You - From 13 Reasons Why â€“ Season 2 Soundtrack,Selena Gomez,.
1078,Bad Liar,Selena Gomez,.
1079,Wolves,Selena Gomez,.
1080,Chantaje (feat. Maluma),Shakira,.
1081,Clandestino,Shakira,.
1082,Hips Don't Lie,Shakira,.
1083,Way Back Home (feat. Conor Maynard) - Sam Feldt Edit,SHAUN,.
1084,Fallin' All In You,Shawn Mendes,.
1085,In My Blood,Shawn Mendes,.
1086,Lost In Japan,Shawn Mendes,.
1087,Lost In Japan - Remix,Shawn Mendes,.
1088,Mercy,Shawn Mendes,.
1089,Nervous,Shawn Mendes,.
1090,There's Nothing Holdin' Me Back,Shawn Mendes,.
1091,Treat You Better,Shawn Mendes,.
1092,Use Somebody - Recorded at Spotify Studios NYC,Shawn Mendes,.
1093,Where Were You In The Morning?,Shawn Mendes,.
1094,Youth (feat. Khalid),Shawn Mendes,.
1095,Mo Bamba,Sheck Wes,.
1096,Bands (feat. Ohgeesy Fenix Flexin & Master Kato),Shoreline Mafia,.
1097,Audio (with Sia Diplo & Labrinth),Sia,.
1098,Genius (with Lil Wayne Sia Diplo & Labrinth - Lil Wayne Remix),Sia,.
1099,Genius (with Sia Diplo & Labrinth),Sia,.
1100,The Greatest,Sia,.
1101,Thunderclouds (with Sia Diplo & Labrinth),Sia,.
1102,Just Got Paid,Sigala,.
1103,Lullaby,Sigala,.
1104,Electricity (with Dua Lipa),Silk City,.
1105,Don't You (Forget About Me) - Remastered,Simple Minds,.
1106,Kiss Me,Sixpence None The Richer,.
1107,BabyWipe,Ski Mask The Slump God,.
1108,Catch Me Outside,Ski Mask The Slump God,.
1109,Faucet Failure,Ski Mask The Slump God,.
1110,Foot Fungus,Ski Mask The Slump God,.
1111,Nuketown (feat. Juice WRLD),Ski Mask The Slump God,.
1112,Take A Step Back,Ski Mask The Slump God,.
1113,All Star,Smash Mouth,.
1114,Nephew (feat. Lil Pump),Smokepurpp,.
1115,Young Wild & Free (feat. Bruno Mars),Snoop Dogg,.
1116,Chasing Cars,Snow Patrol,.
1117,Magic In The Hamptons (feat. Lil Yachty),Social House,.
1118,1 2 3 (feat. Jason Derulo & De La Ghetto),Sofia Reyes,.
1119,Almeda,Solange,.
1120,Crank That (Soulja Boy),Soulja Boy,.
1121,Kiss Me Thru The Phone,Soulja Boy,.
1122,Black Hole Sun,Soundgarden,.
1123,Wannabe,Spice Girls,.
1124,Waste It On Me (feat. BTS),Steve Aoki,.
1125,Girls Need Love,Summer Walker,.
1126,Girls Need Love (with Drake) - Remix,Summer Walker,.
1127,La Forma en Que Me Miras,Super Yei,.
1128,Eye of the Tiger,Survivor,.
1129,Don't You Worry Child - Radio Edit,Swedish House Mafia,.
1130,Chop Suey!,System Of A Down,.
1131,Toxicity,System Of A Down,.
1132,Love Galore (feat. Travis Scott),SZA,.
1133,The Weekend,SZA,.
1134,The Weekend - Funk Wav Remix,SZA,.
1135,Casper,Takeoff,.
1136,The Less I Know The Better,Tame Impala,.
1137,The Race,Tay-K,.
1138,Delicate,Taylor Swift,.
1139,Look What You Made Me Do,Taylor Swift,.
1140,Everybody Wants To Rule The World,Tears For Fears,.
1141,No Me Acuerdo,ThalÃ­a,.
1142,It's Not Living (If It's Not With You),The 1975,.
1143,Love It If We Made It,The 1975,.
1144,TOOTIMETOOTIMETOOTIME,The 1975,.
1145,Come Together - Remastered 2009,The Beatles,.
1146,Here Comes The Sun - Remastered 2009,The Beatles,.
1147,Hey Jude - Remastered 2015,The Beatles,.
1148,Let It Be - Remastered 2009,The Beatles,.
1149,Beach House,The Chainsmokers,.
1150,Closer,The Chainsmokers,.
1151,Don't Let Me Down,The Chainsmokers,.
1152,Hope,The Chainsmokers,.
1153,Paris,The Chainsmokers,.
1154,Sick Boy,The Chainsmokers,.
1155,Side Effects,The Chainsmokers,.
1156,Something Just Like This,The Chainsmokers,.
1157,This Feeling,The Chainsmokers,.
1158,Who Do You Love (with 5 Seconds of Summer),The Chainsmokers,.
1159,Should I Stay or Should I Go - Remastered,The Clash,.
1160,Zombie,The Cranberries,.
1161,How to Save a Life,The Fray,.
1162,Iris,The Goo Goo Dolls,.
1163,Mr. Brightside,The Killers,.
1164,Sweater Weather,The Neighbourhood,.
1165,Hypnotize - 2014 Remastered Version,The Notorious B.I.G.,.
1166,Juicy,The Notorious B.I.G.,.
1167,The Kids Aren't Alright,The Offspring,.
1168,You're Gonna Go Far Kid,The Offspring,.
1169,(I Can't Get No) Satisfaction - Mono Version,The Rolling Stones,.
1170,Paint It Black,The Rolling Stones,.
1171,My Girl,The Temptations,.
1172,All Night,The Vamps,.
1173,Bitter Sweet Symphony,The Verve,.
1174,Call Out My Name,The Weeknd,.
1175,Can't Feel My Face,The Weeknd,.
1176,Die For You,The Weeknd,.
1177,"Earned It (Fifty Shades Of Grey) - From The ""Fifty Shades Of Grey"" Soundtrack",The Weeknd,.
1178,I Feel It Coming,The Weeknd,.
1179,Pray For Me (with Kendrick Lamar),The Weeknd,.
1180,Starboy,The Weeknd,.
1181,The Hills,The Weeknd,.
1182,Seven Nation Army,The White Stripes,.
1183,Baba O'Riley,The Who,.
1184,Hindi Na Nga,This Band,.
1185,Kahit Ayaw Mo Na,This Band,.
1186,Die A Happy Man,Thomas Rhett,.
1187,Marry Me,Thomas Rhett,.
1188,Jackie Chan,TiÃ«sto,.
1189,No Scrubs,TLC,.
1190,Just You and I,Tom Walker,.
1191,Leave a Light On,Tom Walker,.
1192,Hookah & Sheridan s,Tommy Boysen,.
1193,CROWN,TOMORROW X TOGETHER,.
1194,FeRRis WhEEL (feat. Trippie Redd),Tory Lanez,.
1195,TAlk tO Me (with Rich The Kid feat. Lil Wayne) - Remix,Tory Lanez,.
1196,TAlk tO Me (with Rich The Kid),Tory Lanez,.
1197,Africa,Toto,.
1198,Buy U a Drank (Shawty Snappin'),T-Pain,.
1199,Fast Car,Tracy Chapman,.
1200,Drops of Jupiter,Train,.
1201,Hey Soul Sister,Train,.
1202,Antidote,Travis Scott,.
1203,BUTTERFLY EFFECT,Travis Scott,.
1204,CAN'T SAY,Travis Scott,.
1205,goosebumps,Travis Scott,.
1206,HOUSTONFORNICATION,Travis Scott,.
1207,NO BYSTANDERS,Travis Scott,.
1208,SICKO MODE,Travis Scott,.
1209,SICKO MODE - Skrillex Remix,Travis Scott,.
1210,STARGAZING,Travis Scott,.
1211,STOP TRYING TO BE GOD,Travis Scott,.
1212,WAKE UP,Travis Scott,.
1213,YOSEMITE,Travis Scott,.
1214,Chi Chi (feat. Chris Brown),Trey Songz,.
1215,1400 / 999 Freestyle,Trippie Redd,.
1216,Love Scars,Trippie Redd,.
1217,Love Scars 3,Trippie Redd,.
1218,Shake It Up,Trippie Redd,.
1219,Taking A Walk,Trippie Redd,.
1220,Topanga,Trippie Redd,.
1221,Bola Rebola,Tropkillaz,.
1222,Dance To This (feat. Ariana Grande),Troye Sivan,.
1223,Chlorine,Twenty One Pilots,.
1224,Heathens,Twenty One Pilots,.
1225,Jumpsuit,Twenty One Pilots,.
1226,My Blood,Twenty One Pilots,.
1227,Nico And The Niners,Twenty One Pilots,.
1228,Ride,Twenty One Pilots,.
1229,Stressed Out,Twenty One Pilots,.
1230,Go Fuck Yourself,Two Feet,.
1231,Or Nah (feat. The Weeknd Wiz Khalifa and DJ Mustard) - Remix,Ty Dolla $ign,.
1232,Dip (feat. Nicki Minaj),Tyga,.
1233,Girls Have Fun (feat. G-Eazy & Rich The Kid),Tyga,.
1234,SWISH,Tyga,.
1235,Taste (feat. Offset),Tyga,.
1236,Potato Salad,Tyler The Creator,.
1237,See You Again,Tyler The Creator,.
1238,With Or Without You - Remastered,U2,.
1239,DJ Got Us Fallin' In Love (feat. Pitbull),Usher,.
1240,My Boo,Usher,.
1241,U Remind Me,Usher,.
1242,Yeah! (feat. Lil Jon & Ludacris),Usher,.
1243,Harmony Hall,Vampire Weekend,.
1244,Jump - 2015 Remaster,Van Halen,.
1245,Brown Eyed Girl,Van Morrison,.
1246,Riptide,Vance Joy,.
1247,A Thousand Miles,Vanessa Carlton,.
1248,Shut Up and Dance,WALK THE MOON,.
1249,Hello My Love,Westlife,.
1250,Wake Me up Before You Go-Go,Wham!,.
1251,I Wanna Dance with Somebody (Who Loves Me),Whitney Houston,.
1252,8 Letters,Why Don't We,.
1253,Big Plans,Why Don't We,.
1254,Hooked,Why Don't We,.
1255,EscÃ¡pate Conmigo (feat. Ozuna),Wisin,.
1256,Aullando,Wisin & Yandel,.
1257,Callao,Wisin & Yandel,.
1258,ReggaetÃ³n en lo Oscuro,Wisin & Yandel,.
1259,Fr Fr (feat. Lil Skies),Wiz Khalifa,.
1260,Hopeless Romantic (feat. Swae Lee),Wiz Khalifa,.
1261,See You Again (feat. Charlie Puth),Wiz Khalifa,.
1262,Unsteady,X Ambassadors,.
1263,True Colors (feat. Maya Avedis),XO Cupid,.
1264,Arms Around You (feat. Maluma & Swae Lee),XXXTENTACION,.
1265,BAD!,XXXTENTACION,.
1266,Carry On,XXXTENTACION,.
1267,changes,XXXTENTACION,.
1268,Depression & Obsession,XXXTENTACION,.
1269,Everybody Dies In Their Nightmares,XXXTENTACION,.
1270,Fuck Love (feat. Trippie Redd),XXXTENTACION,.
1271,Guardian angel,XXXTENTACION,.
1272,Hope,XXXTENTACION,.
1273,I donâ€™t let go,XXXTENTACION,.
1274,I Don't Wanna Do This Anymore,XXXTENTACION,.
1275,Jocelyn Flores,XXXTENTACION,.
1276,Look At Me!,XXXTENTACION,.
1277,Moonlight,XXXTENTACION,.
1278,NUMB,XXXTENTACION,.
1279,Revenge,XXXTENTACION,.
1280,SAD!,XXXTENTACION,.
1281,Sauce!,XXXTENTACION,.
1282,the remedy for a broken heart (why am I so in love),XXXTENTACION,.
1283,YuNg BrAtZ,XXXTENTACION,.
1284,Sigue Bailandome,Yannc,.
1285,Kung Fu,YBN Cordae,.
1286,If You're Over Me,Years & Years,.
1287,BIG BANK (feat. 2 Chainz Big Sean Nicki Minaj),YG,.
1288,Worth It,YK Osiris,.
1289,Put a Date On It (feat. Lil Baby),Yo Gotti,.
1290,Chanel (Go Get It) [feat. Gunna & Lil Baby],Young Thug,.
1291,Relationship (feat. Future),Young Thug,.
1292,Sin (feat. Jaden Smith),Young Thug,.
1293,1 Thot 2 Thot Red Thot Blue Thot,Yung Gravy,.
1294,11 Minutes (with Halsey feat. Travis Barker),YUNGBLUD,.
1295,Wild World,Yusuf / Cat Stevens,.
1296,Rewrite The Stars,Zac Efron,.
1297,I Can't Fall in Love Without You,Zara Larsson,.
1298,Lush Life,Zara Larsson,.
1299,Never Forget You,Zara Larsson,..
1300,Ruin My Life,Zara Larsson,.
1301,Dusk Till Dawn - Radio Edit,ZAYN,.
1302,Entertainer,ZAYN,.
1303,Good Years,ZAYN,.
1304,PILLOWTALK,ZAYN,.
1305,There You Are,ZAYN,.
1306,365,Zedd,.
1307,Happy Now,Zedd,.
1308,Stay (with Alessia Cara),Zedd,.
1309,The Middle,Zedd,.
1310,Hola,Zion & Lennox,.
1311,La Player (Bandolera),Zion & Lennox,.
1312,Otra Vez (feat. J Balvin),Zion & Lennox,.
